{"type":"FeatureCollection","attribution":"© OpenStreetMap contributors, ODbL 1.0","source":"OpenStreetMap relations, admin_level=9, Grad Zagreb","retrieved":"2026-08-22","features":[{"type":"Feature","properties":{"city":"Zagreb","name":"Brezovica","osm_relation":3173886},"geometry":{"type":"MultiPolygon","coordinates":[[[[15.77709,45.689966],[15.777937,45.689671],[15.778869,45.689184],[15.779895,45.688854],[15.780532,45.688469],[15.781604,45.687858],[15.781825,45.687649],[15.782404,45.687582],[15.78265,45.687469],[15.783419,45.686845],[15.784549,45.686396],[15.784869,45.686093],[15.785492,45.686396],[15.786172,45.68606],[15.786555,45.685707],[15.788341,45.684631],[15.789401,45.684455],[15.790245,45.684055],[15.79089,45.683843],[15.791357,45.683736],[15.791555,45.683675],[15.792013,45.683237],[15.792849,45.683026],[15.793408,45.683037],[15.79393,45.682979],[15.794271,45.682872],[15.794657,45.682629],[15.794917,45.682426],[15.795121,45.682376],[15.79527,45.682354],[15.796191,45.682372],[15.796361,45.682394],[15.796512,45.682419],[15.797925,45.682697],[15.798919,45.682723],[15.799284,45.682685],[15.799482,45.682623],[15.800551,45.682414],[15.801524,45.682547],[15.802309,45.682617],[15.80238,45.682394],[15.802172,45.682331],[15.802246,45.681819],[15.802409,45.681761],[15.80244,45.681736],[15.802388,45.681697],[15.802429,45.681648],[15.802929,45.681628],[15.802928,45.681572],[15.802833,45.681506],[15.802829,45.681365],[15.803019,45.681264],[15.803153,45.68099],[15.803724,45.680737],[15.803995,45.6806],[15.804175,45.680546],[15.804523,45.680492],[15.804773,45.680377],[15.805084,45.680285],[15.805441,45.680134],[15.806034,45.679738],[15.806229,45.679643],[15.806516,45.679536],[15.806774,45.679592],[15.807066,45.679742],[15.80746,45.679691],[15.808056,45.679611],[15.809225,45.679571],[15.80959,45.679511],[15.809802,45.67941],[15.810566,45.679272],[15.811017,45.679174],[15.811299,45.679092],[15.811741,45.679014],[15.812377,45.67891],[15.812535,45.678794],[15.812624,45.678681],[15.812683,45.678634],[15.812865,45.678514],[15.813031,45.678376],[15.813163,45.678269],[15.813356,45.678166],[15.813565,45.678029],[15.813689,45.677853],[15.813498,45.677587],[15.813369,45.677392],[15.813332,45.677206],[15.813568,45.676897],[15.813868,45.676717],[15.813978,45.676519],[15.814147,45.676296],[15.814075,45.676065],[15.814115,45.675816],[15.814464,45.675462],[15.814775,45.675347],[15.815153,45.675136],[15.815319,45.674957],[15.815314,45.6747],[15.815284,45.674169],[15.815448,45.673375],[15.815791,45.672863],[15.816127,45.672423],[15.816207,45.671965],[15.816231,45.671896],[15.816306,45.671827],[15.816381,45.671748],[15.816446,45.671634],[15.816529,45.671422],[15.81654,45.671212],[15.816548,45.670987],[15.816545,45.670891],[15.816564,45.670796],[15.816631,45.670711],[15.816752,45.670623],[15.816977,45.670582],[15.817181,45.670578],[15.817481,45.670537],[15.81776,45.670488],[15.817938,45.670368],[15.818039,45.670291],[15.818144,45.670271],[15.81831,45.670257],[15.818444,45.670257],[15.818732,45.670264],[15.818871,45.670296],[15.819005,45.670343],[15.819151,45.670386],[15.819497,45.670412],[15.819746,45.670431],[15.820086,45.670378],[15.820311,45.670323],[15.820508,45.670237],[15.820609,45.670227],[15.82083,45.670232],[15.821305,45.670253],[15.821812,45.670232],[15.821948,45.670214],[15.822105,45.670177],[15.822286,45.670166],[15.822458,45.670132],[15.822612,45.670132],[15.822737,45.670177],[15.822812,45.67029],[15.822992,45.670547],[15.823059,45.670608],[15.823151,45.670647],[15.823394,45.67068],[15.82354,45.670692],[15.823622,45.670677],[15.823677,45.670649],[15.823707,45.670597],[15.823749,45.670562],[15.823814,45.670552],[15.823917,45.670552],[15.824008,45.670556],[15.824156,45.67057],[15.824283,45.670567],[15.824368,45.670546],[15.824388,45.670509],[15.824389,45.670438],[15.824421,45.670378],[15.824495,45.670334],[15.824652,45.670287],[15.824753,45.670291],[15.824849,45.67032],[15.824887,45.670337],[15.824939,45.670361],[15.825053,45.670343],[15.825182,45.67034],[15.8254,45.67035],[15.825488,45.670371],[15.825535,45.670427],[15.825655,45.670514],[15.82578,45.670568],[15.825915,45.670598],[15.826021,45.6706],[15.826233,45.670567],[15.82637,45.670513],[15.826432,45.670498],[15.826515,45.670577],[15.826585,45.670594],[15.826882,45.670546],[15.826968,45.670552],[15.827023,45.670602],[15.827078,45.670627],[15.827207,45.670638],[15.827264,45.670681],[15.827303,45.670742],[15.827323,45.670759],[15.827393,45.670767],[15.827424,45.670716],[15.827466,45.67072],[15.827566,45.670748],[15.827687,45.670764],[15.827849,45.670762],[15.828024,45.670729],[15.828178,45.670695],[15.828207,45.67059],[15.828404,45.670588],[15.828514,45.67088],[15.828632,45.670944],[15.828732,45.670896],[15.828816,45.670855],[15.828727,45.670826],[15.828613,45.670729],[15.828824,45.67058],[15.828906,45.670597],[15.829065,45.670723],[15.829238,45.670837],[15.829435,45.670821],[15.829493,45.670763],[15.829588,45.670695],[15.829593,45.670602],[15.829914,45.670237],[15.829864,45.670109],[15.830007,45.670187],[15.830083,45.67013],[15.830133,45.670092],[15.830228,45.670127],[15.830763,45.670018],[15.830761,45.669913],[15.830638,45.669863],[15.830681,45.669819],[15.830906,45.669815],[15.831003,45.669921],[15.831361,45.669942],[15.831375,45.669912],[15.83144,45.669772],[15.831206,45.669765],[15.831203,45.669717],[15.831275,45.669669],[15.83146,45.669691],[15.831573,45.669552],[15.831537,45.669458],[15.831621,45.669524],[15.831719,45.669536],[15.831805,45.669471],[15.831827,45.669386],[15.831941,45.669411],[15.832096,45.669275],[15.832175,45.669241],[15.832293,45.669189],[15.83226,45.669077],[15.832306,45.668895],[15.832658,45.668663],[15.832874,45.668484],[15.832887,45.668315],[15.833142,45.668345],[15.833243,45.66825],[15.833273,45.668222],[15.833248,45.668141],[15.833593,45.667937],[15.833677,45.667846],[15.833756,45.66776],[15.833989,45.667694],[15.834122,45.667656],[15.834256,45.667569],[15.834418,45.667566],[15.834661,45.66756],[15.834719,45.667559],[15.83504,45.667426],[15.835113,45.667334],[15.835262,45.667148],[15.835176,45.667079],[15.834944,45.666894],[15.835034,45.666753],[15.835113,45.66669],[15.835277,45.666639],[15.835496,45.666572],[15.835712,45.666375],[15.835832,45.666265],[15.835905,45.666202],[15.836026,45.666097],[15.836274,45.666019],[15.836305,45.666009],[15.836557,45.666038],[15.836788,45.665994],[15.836927,45.665871],[15.836904,45.665807],[15.837071,45.665662],[15.837244,45.665573],[15.837301,45.665535],[15.83735,45.665503],[15.837352,45.665502],[15.837414,45.66546],[15.837664,45.665264],[15.837853,45.665294],[15.83791,45.665303],[15.837983,45.665224],[15.83788,45.665123],[15.837846,45.665049],[15.837941,45.665],[15.838117,45.665018],[15.83813,45.664961],[15.838263,45.664917],[15.838217,45.664859],[15.83829,45.664788],[15.8385,45.664707],[15.838498,45.664788],[15.838522,45.664833],[15.838604,45.66483],[15.838658,45.664783],[15.838823,45.664711],[15.838874,45.664752],[15.838909,45.664866],[15.838854,45.664911],[15.838856,45.664922],[15.838873,45.665003],[15.838877,45.665027],[15.838937,45.66503],[15.839057,45.664954],[15.839086,45.664897],[15.839157,45.664757],[15.839409,45.664648],[15.8395,45.6648],[15.83951,45.664797],[15.839544,45.664785],[15.839663,45.664745],[15.839975,45.664841],[15.839956,45.664689],[15.840126,45.664676],[15.840175,45.664652],[15.840241,45.664618],[15.840234,45.664567],[15.840447,45.66456],[15.84051,45.664517],[15.840438,45.664399],[15.840532,45.664346],[15.840551,45.664414],[15.840625,45.664504],[15.840765,45.664511],[15.840764,45.664476],[15.840763,45.664272],[15.840908,45.664265],[15.840965,45.664325],[15.841119,45.664356],[15.841123,45.664357],[15.841279,45.664325],[15.841377,45.664318],[15.841469,45.664461],[15.841484,45.664451],[15.841502,45.664438],[15.841548,45.664407],[15.841579,45.664331],[15.841635,45.664321],[15.841695,45.664401],[15.841775,45.664446],[15.841899,45.664436],[15.841987,45.664429],[15.842029,45.664337],[15.842331,45.664311],[15.842432,45.664275],[15.84268,45.664215],[15.842972,45.66415],[15.843162,45.664077],[15.843256,45.664066],[15.843554,45.663987],[15.843637,45.663966],[15.843832,45.663933],[15.843972,45.663892],[15.844052,45.663868],[15.844145,45.663909],[15.844276,45.663819],[15.844418,45.663894],[15.844575,45.663888],[15.844633,45.663885],[15.844675,45.663862],[15.844815,45.663784],[15.844856,45.663737],[15.844867,45.663673],[15.844927,45.663608],[15.844917,45.663555],[15.844982,45.663496],[15.844914,45.663366],[15.844973,45.663314],[15.845031,45.66331],[15.845024,45.663389],[15.845088,45.663456],[15.845236,45.663446],[15.845243,45.663357],[15.845304,45.663326],[15.845403,45.663378],[15.845472,45.663447],[15.8456,45.663508],[15.845591,45.663661],[15.845821,45.663635],[15.845964,45.663645],[15.845906,45.663421],[15.84596,45.66337],[15.845992,45.66334],[15.845988,45.663398],[15.846032,45.663422],[15.846062,45.66352],[15.846217,45.663509],[15.846356,45.663461],[15.846324,45.663371],[15.846362,45.663371],[15.846444,45.663372],[15.846482,45.66325],[15.846559,45.663208],[15.846539,45.663136],[15.846609,45.663094],[15.846672,45.663055],[15.846929,45.663124],[15.847,45.663219],[15.84706,45.663182],[15.847026,45.663116],[15.847066,45.663069],[15.847067,45.663007],[15.847239,45.663086],[15.847243,45.663238],[15.847286,45.663328],[15.847371,45.663357],[15.847433,45.663316],[15.847419,45.663257],[15.84741,45.663218],[15.847378,45.663179],[15.847389,45.663119],[15.847646,45.663166],[15.847716,45.663108],[15.847566,45.663023],[15.847573,45.662956],[15.847675,45.662938],[15.847711,45.662932],[15.847689,45.66281],[15.847743,45.662762],[15.847954,45.662788],[15.848007,45.66268],[15.848074,45.662635],[15.848076,45.662606],[15.848079,45.662571],[15.847989,45.662509],[15.847765,45.662505],[15.847772,45.662388],[15.847881,45.662388],[15.847996,45.662446],[15.848169,45.662348],[15.848067,45.66228],[15.848074,45.662255],[15.848137,45.662032],[15.848349,45.662047],[15.848472,45.662068],[15.848599,45.661878],[15.848609,45.661864],[15.848536,45.661818],[15.848584,45.661711],[15.848621,45.661789],[15.848697,45.661844],[15.848788,45.661832],[15.848854,45.661739],[15.84885,45.661584],[15.848894,45.661568],[15.849135,45.661676],[15.84926,45.661539],[15.849389,45.66158],[15.849465,45.661556],[15.849476,45.661448],[15.84953,45.661425],[15.849704,45.6615],[15.849762,45.661442],[15.849793,45.661412],[15.849987,45.661347],[15.850064,45.661351],[15.850226,45.661299],[15.850275,45.661201],[15.850231,45.661117],[15.850244,45.661014],[15.850343,45.660955],[15.85045,45.660859],[15.850394,45.660763],[15.850426,45.660735],[15.850463,45.660704],[15.850557,45.660624],[15.850729,45.660617],[15.850729,45.660503],[15.850847,45.660528],[15.850915,45.660515],[15.850985,45.660501],[15.851081,45.660428],[15.851242,45.660462],[15.851331,45.660414],[15.851574,45.660418],[15.851545,45.660311],[15.851398,45.660264],[15.851666,45.660212],[15.851734,45.660133],[15.851629,45.660035],[15.851711,45.660062],[15.85182,45.660054],[15.851871,45.659938],[15.851821,45.659775],[15.852065,45.659773],[15.852132,45.65982],[15.852304,45.659787],[15.852593,45.659899],[15.852753,45.659846],[15.852677,45.659767],[15.852808,45.659677],[15.852997,45.659756],[15.853223,45.659755],[15.853302,45.659714],[15.853301,45.659574],[15.853378,45.659501],[15.853382,45.659369],[15.853245,45.659341],[15.853104,45.659433],[15.853005,45.659386],[15.852904,45.659374],[15.852937,45.659327],[15.85307,45.659308],[15.853154,45.659257],[15.853193,45.659131],[15.8533,45.659146],[15.853444,45.658905],[15.853619,45.658882],[15.853806,45.658935],[15.85421,45.659189],[15.854727,45.659279],[15.854787,45.659463],[15.855164,45.660229],[15.855542,45.660511],[15.855546,45.660519],[15.855567,45.660557],[15.855886,45.660553],[15.856199,45.660594],[15.856348,45.660639],[15.856426,45.660689],[15.856595,45.660817],[15.856987,45.660824],[15.857443,45.660869],[15.857736,45.660934],[15.858249,45.661035],[15.85839,45.661037],[15.858627,45.660957],[15.858867,45.66089],[15.859199,45.660905],[15.859483,45.660983],[15.85971,45.661073],[15.859947,45.6612],[15.860329,45.661312],[15.860511,45.661374],[15.860657,45.66148],[15.860897,45.661662],[15.861145,45.661765],[15.861169,45.661706],[15.861358,45.661258],[15.861462,45.660968],[15.861549,45.660362],[15.861713,45.659854],[15.861677,45.658994],[15.861667,45.658061],[15.861846,45.65781],[15.862134,45.657602],[15.86252,45.657416],[15.862766,45.657189],[15.86293,45.657036],[15.863458,45.656832],[15.864811,45.656365],[15.865165,45.656322],[15.865615,45.656337],[15.866241,45.656285],[15.86624,45.65621],[15.8664,45.656271],[15.86663,45.65628],[15.867229,45.656328],[15.867564,45.656345],[15.867614,45.656341],[15.867672,45.656336],[15.868494,45.656269],[15.869546,45.656256],[15.870188,45.656259],[15.870922,45.656351],[15.871159,45.656365],[15.871123,45.656416],[15.871552,45.656544],[15.871616,45.656563],[15.871717,45.656593],[15.87219,45.656871],[15.872303,45.656878],[15.872702,45.656907],[15.873013,45.656802],[15.873046,45.65682],[15.873074,45.656835],[15.873194,45.656726],[15.873488,45.65652],[15.873594,45.656454],[15.874065,45.656216],[15.874813,45.655867],[15.874983,45.655758],[15.875168,45.655607],[15.875328,45.655388],[15.875406,45.655265],[15.875575,45.654958],[15.875675,45.654751],[15.875817,45.654475],[15.875975,45.654166],[15.87603,45.654074],[15.876083,45.653992],[15.876293,45.653795],[15.876595,45.653486],[15.876808,45.653214],[15.877073,45.653016],[15.877798,45.652051],[15.87826,45.651206],[15.878786,45.650422],[15.87938,45.650119],[15.879756,45.649905],[15.880221,45.649392],[15.880599,45.648456],[15.880611,45.648234],[15.880597,45.64797],[15.880692,45.647606],[15.880806,45.647283],[15.880879,45.647148],[15.880996,45.647028],[15.881059,45.646965],[15.881265,45.646729],[15.881555,45.646477],[15.881776,45.646395],[15.882075,45.646283],[15.882312,45.646257],[15.88246,45.646237],[15.882994,45.646214],[15.883368,45.646113],[15.883728,45.646016],[15.884038,45.645954],[15.884297,45.645898],[15.884564,45.645748],[15.884895,45.64523],[15.884932,45.645],[15.884975,45.64472],[15.885096,45.644601],[15.885429,45.644376],[15.885831,45.644164],[15.886098,45.64397],[15.88654,45.643826],[15.886655,45.643782],[15.886965,45.643672],[15.887676,45.643521],[15.887821,45.643509],[15.887904,45.643498],[15.88805,45.643468],[15.888161,45.643429],[15.888252,45.643373],[15.888858,45.643144],[15.889326,45.643039],[15.889513,45.642977],[15.889877,45.642801],[15.889993,45.642674],[15.890123,45.642533],[15.890279,45.64243],[15.890438,45.642294],[15.890749,45.642005],[15.891112,45.641728],[15.891221,45.641556],[15.891339,45.641416],[15.891472,45.641278],[15.891576,45.641129],[15.891624,45.641079],[15.891846,45.640837],[15.891982,45.640716],[15.892298,45.640481],[15.8924,45.640415],[15.892581,45.64033],[15.89286,45.640217],[15.89312,45.640109],[15.893435,45.639966],[15.893525,45.639829],[15.89357,45.63974],[15.893603,45.639679],[15.893728,45.639516],[15.89382,45.639325],[15.89383,45.639244],[15.893841,45.63915],[15.89391,45.639004],[15.893929,45.638944],[15.893957,45.638829],[15.893985,45.638671],[15.894051,45.638133],[15.894035,45.637942],[15.893944,45.637802],[15.89376,45.637302],[15.893656,45.636956],[15.893733,45.636606],[15.893871,45.636433],[15.894193,45.636254],[15.894401,45.636201],[15.894521,45.635974],[15.894739,45.635849],[15.894772,45.635831],[15.894804,45.635811],[15.894834,45.635767],[15.894851,45.63574],[15.894941,45.6357],[15.895233,45.635693],[15.895598,45.635763],[15.895698,45.635762],[15.895774,45.635758],[15.896234,45.635721],[15.896436,45.635719],[15.896582,45.635728],[15.896594,45.635731],[15.89666,45.635739],[15.896705,45.635743],[15.89676,45.635744],[15.896804,45.635739],[15.897007,45.635716],[15.897169,45.635693],[15.897419,45.635629],[15.897639,45.635584],[15.897884,45.635543],[15.898039,45.635443],[15.898173,45.635406],[15.898361,45.635458],[15.898506,45.635513],[15.898552,45.635533],[15.898782,45.635669],[15.898866,45.63568],[15.898926,45.635688],[15.899205,45.635809],[15.899373,45.635941],[15.899476,45.635981],[15.899548,45.636004],[15.899687,45.636046],[15.899786,45.636048],[15.900019,45.635984],[15.900306,45.635846],[15.900561,45.635766],[15.90084,45.635628],[15.901075,45.635503],[15.901177,45.635368],[15.901356,45.635261],[15.901767,45.635182],[15.901958,45.6351],[15.902162,45.635003],[15.902321,45.634884],[15.902479,45.634843],[15.90269,45.634815],[15.902929,45.634817],[15.903161,45.634862],[15.903408,45.634865],[15.903676,45.634782],[15.903787,45.634673],[15.903929,45.634547],[15.904058,45.634474],[15.904252,45.63443],[15.904538,45.634414],[15.904891,45.634365],[15.90523,45.634217],[15.905369,45.634093],[15.905534,45.633867],[15.905694,45.633702],[15.90593,45.633541],[15.906015,45.63347],[15.906281,45.633364],[15.906332,45.633329],[15.906629,45.633123],[15.90679,45.633019],[15.907007,45.632866],[15.907227,45.632791],[15.907549,45.63267],[15.907676,45.632623],[15.908076,45.632479],[15.908219,45.632398],[15.908278,45.632381],[15.907964,45.632305],[15.90768,45.632115],[15.907641,45.632088],[15.90732,45.631988],[15.906996,45.631916],[15.906791,45.631838],[15.906473,45.631659],[15.905641,45.631076],[15.90547,45.630693],[15.905295,45.630301],[15.905204,45.630191],[15.90512,45.630008],[15.904908,45.629588],[15.904577,45.629336],[15.904493,45.629109],[15.904474,45.629057],[15.904429,45.629017],[15.904376,45.628896],[15.904316,45.628847],[15.904133,45.628699],[15.904053,45.62866],[15.903809,45.628533],[15.903654,45.628395],[15.903353,45.628187],[15.902599,45.627665],[15.902347,45.627525],[15.901919,45.627075],[15.901678,45.626665],[15.901616,45.626461],[15.901195,45.625861],[15.90102,45.625664],[15.900788,45.625475],[15.900192,45.624849],[15.899973,45.624433],[15.899805,45.624206],[15.899599,45.62366],[15.899109,45.622897],[15.898442,45.622304],[15.898453,45.622289],[15.898581,45.622119],[15.898614,45.622081],[15.898644,45.622049],[15.898693,45.621994],[15.899061,45.621701],[15.899449,45.62151],[15.899479,45.621494],[15.899519,45.621479],[15.899588,45.621458],[15.899627,45.62143],[15.89971,45.621397],[15.899835,45.621359],[15.899934,45.621328],[15.900007,45.621319],[15.900034,45.621319],[15.900062,45.621313],[15.90007,45.621305],[15.900084,45.621295],[15.900097,45.621294],[15.900119,45.6213],[15.90014,45.621309],[15.900162,45.621313],[15.900191,45.621311],[15.90021,45.621304],[15.900216,45.621288],[15.90024,45.621272],[15.900255,45.621268],[15.900281,45.62127],[15.9003,45.621264],[15.90031,45.621254],[15.900312,45.621242],[15.90031,45.621234],[15.900311,45.621227],[15.900326,45.621222],[15.900328,45.621222],[15.90034,45.621221],[15.900353,45.621212],[15.900353,45.621201],[15.90036,45.621197],[15.900373,45.621195],[15.900377,45.621195],[15.900385,45.62119],[15.900391,45.621178],[15.900403,45.621175],[15.900425,45.621174],[15.900448,45.621169],[15.900461,45.621155],[15.900472,45.621125],[15.900493,45.621106],[15.900529,45.621102],[15.900556,45.621106],[15.900575,45.6211],[15.900594,45.621081],[15.900609,45.621074],[15.900624,45.621073],[15.900649,45.621068],[15.90068,45.621053],[15.900718,45.62103],[15.90078,45.621013],[15.900816,45.621001],[15.90083,45.620991],[15.900853,45.620975],[15.900912,45.620965],[15.900987,45.620917],[15.901037,45.620873],[15.901084,45.620827],[15.901217,45.620706],[15.901267,45.620646],[15.901385,45.620601],[15.901401,45.620594],[15.901663,45.620626],[15.901872,45.62047],[15.901795,45.62011],[15.901797,45.620092],[15.901802,45.620075],[15.90183,45.619974],[15.902235,45.619889],[15.902291,45.619875],[15.902338,45.619862],[15.902842,45.620015],[15.903326,45.620196],[15.903437,45.620237],[15.903788,45.620263],[15.90392,45.620285],[15.903979,45.620299],[15.904264,45.620349],[15.905378,45.620292],[15.905413,45.620284],[15.905459,45.620272],[15.905529,45.620257],[15.905693,45.620222],[15.905694,45.620213],[15.905691,45.620186],[15.905741,45.620184],[15.905771,45.620191],[15.905781,45.620182],[15.905803,45.620155],[15.905803,45.620146],[15.905786,45.620128],[15.905745,45.620039],[15.905746,45.620003],[15.905746,45.619991],[15.905754,45.619958],[15.905776,45.619913],[15.905795,45.619875],[15.905817,45.619839],[15.90584,45.619814],[15.905868,45.619802],[15.905898,45.619791],[15.905908,45.619782],[15.905909,45.619775],[15.905901,45.619756],[15.905896,45.61975],[15.905879,45.619745],[15.905877,45.619744],[15.905858,45.619718],[15.905862,45.619691],[15.905887,45.619674],[15.905914,45.619668],[15.905905,45.619651],[15.9059,45.619625],[15.905904,45.619584],[15.905918,45.619552],[15.905938,45.619507],[15.905946,45.619492],[15.905953,45.619477],[15.905984,45.619454],[15.906029,45.619426],[15.906052,45.619417],[15.906067,45.619413],[15.906092,45.619407],[15.906118,45.619408],[15.906131,45.619412],[15.906153,45.619419],[15.906187,45.619428],[15.906211,45.619431],[15.906228,45.61943],[15.906245,45.619422],[15.906255,45.619411],[15.90627,45.619384],[15.906272,45.619369],[15.906255,45.619352],[15.906237,45.619315],[15.906224,45.619269],[15.906212,45.619246],[15.906208,45.619237],[15.906186,45.619228],[15.906164,45.619212],[15.90616,45.619175],[15.906148,45.619142],[15.906146,45.619105],[15.906136,45.619079],[15.906132,45.619],[15.906153,45.618968],[15.906163,45.618928],[15.906156,45.618887],[15.906151,45.618861],[15.906158,45.61884],[15.906177,45.618821],[15.906184,45.618811],[15.90618,45.618795],[15.906171,45.618788],[15.906151,45.618785],[15.906122,45.61879],[15.906093,45.618782],[15.906079,45.618757],[15.906081,45.61874],[15.906082,45.618725],[15.906075,45.618711],[15.906035,45.61869],[15.905994,45.618666],[15.905965,45.618638],[15.905939,45.618611],[15.905943,45.618589],[15.905957,45.61857],[15.905961,45.618564],[15.905962,45.618546],[15.905951,45.618515],[15.905912,45.618443],[15.905882,45.6184],[15.905872,45.618386],[15.905894,45.618371],[15.905929,45.61837],[15.905958,45.618394],[15.90597,45.61841],[15.905977,45.618414],[15.905991,45.618412],[15.906002,45.618405],[15.906026,45.618398],[15.906039,45.61841],[15.906053,45.618421],[15.906062,45.618425],[15.906069,45.618426],[15.906078,45.618421],[15.906083,45.618405],[15.906095,45.61838],[15.906111,45.618369],[15.906125,45.618364],[15.906126,45.618363],[15.906123,45.618343],[15.906126,45.618323],[15.906161,45.618277],[15.906176,45.618267],[15.906196,45.618244],[15.906215,45.618223],[15.906242,45.618203],[15.90627,45.618193],[15.906295,45.618193],[15.906328,45.618206],[15.906337,45.618222],[15.906334,45.618234],[15.906334,45.618241],[15.90634,45.618246],[15.906359,45.618252],[15.906369,45.618254],[15.906381,45.618252],[15.906401,45.618253],[15.906423,45.618261],[15.906437,45.618273],[15.906438,45.618281],[15.90644,45.618288],[15.906443,45.61829],[15.906456,45.618292],[15.906465,45.618292],[15.906467,45.618291],[15.906461,45.61828],[15.906455,45.618263],[15.906457,45.618246],[15.906475,45.618224],[15.906491,45.618214],[15.906509,45.618213],[15.906524,45.618218],[15.906532,45.618219],[15.906533,45.618218],[15.90654,45.618208],[15.906563,45.618193],[15.906587,45.618192],[15.906605,45.618202],[15.906611,45.618221],[15.906604,45.618235],[15.906604,45.618243],[15.906612,45.618252],[15.90662,45.618258],[15.906635,45.618265],[15.906648,45.618272],[15.906659,45.618273],[15.906675,45.61827],[15.906695,45.61826],[15.906736,45.61825],[15.906805,45.618242],[15.906838,45.618233],[15.90686,45.618228],[15.906863,45.618222],[15.906881,45.618213],[15.90692,45.618211],[15.906951,45.618214],[15.906958,45.618214],[15.906967,45.618206],[15.906976,45.618189],[15.906985,45.618174],[15.907001,45.618168],[15.907015,45.618172],[15.907048,45.618175],[15.907106,45.618175],[15.90717,45.618182],[15.907208,45.618187],[15.907226,45.618186],[15.907247,45.618182],[15.907281,45.618178],[15.907339,45.61818],[15.907362,45.618183],[15.90738,45.61819],[15.907388,45.618191],[15.907401,45.618186],[15.90743,45.618173],[15.907459,45.61816],[15.907472,45.618158],[15.907476,45.618153],[15.907484,45.618138],[15.907512,45.618124],[15.90754,45.61812],[15.907557,45.618125],[15.907567,45.618133],[15.907579,45.618159],[15.907582,45.618179],[15.90771,45.618159],[15.907739,45.618153],[15.907807,45.618122],[15.907983,45.617879],[15.908201,45.617527],[15.908386,45.617476],[15.908801,45.617093],[15.909503,45.616556],[15.90953,45.616467],[15.909547,45.616424],[15.909807,45.616568],[15.911077,45.616882],[15.911564,45.61698],[15.912178,45.61702],[15.912214,45.617006],[15.912536,45.616886],[15.91292,45.616702],[15.913236,45.616617],[15.913328,45.616591],[15.91384,45.616409],[15.914072,45.616401],[15.91468,45.616014],[15.914816,45.615839],[15.91491,45.615671],[15.914945,45.615604],[15.915036,45.615431],[15.915043,45.615417],[15.91506,45.615392],[15.915091,45.615348],[15.915096,45.615345],[15.915098,45.615343],[15.915121,45.61533],[15.915147,45.615323],[15.915165,45.615309],[15.91518,45.615275],[15.915195,45.61525],[15.915214,45.615243],[15.915234,45.615244],[15.915258,45.615269],[15.915265,45.615294],[15.915278,45.615304],[15.915307,45.61531],[15.915323,45.615317],[15.915343,45.615324],[15.915366,45.615343],[15.915402,45.615424],[15.91543,45.615448],[15.915459,45.615465],[15.915517,45.615502],[15.915542,45.61553],[15.915557,45.615554],[15.915538,45.615564],[15.915506,45.615582],[15.915464,45.615596],[15.91546,45.615598],[15.915436,45.61561],[15.915419,45.615625],[15.915418,45.615636],[15.915418,45.615643],[15.91543,45.615684],[15.91543,45.615711],[15.915424,45.615739],[15.915427,45.615749],[15.915443,45.61576],[15.915474,45.615765],[15.915514,45.61578],[15.915525,45.615788],[15.915545,45.615807],[15.915569,45.615831],[15.915596,45.615848],[15.915631,45.615877],[15.915636,45.615896],[15.915641,45.615916],[15.915673,45.61592],[15.915694,45.615903],[15.915721,45.615896],[15.915772,45.615904],[15.915845,45.61592],[15.915867,45.615933],[15.9159,45.615936],[15.915946,45.615912],[15.915948,45.615912],[15.916044,45.615916],[15.916547,45.615754],[15.916839,45.615861],[15.91724,45.61589],[15.91751,45.615765],[15.917591,45.615607],[15.917638,45.615558],[15.917724,45.61547],[15.917781,45.615443],[15.917827,45.615421],[15.917853,45.615409],[15.917929,45.615372],[15.918118,45.615293],[15.918169,45.615262],[15.918382,45.615132],[15.91863,45.614859],[15.918642,45.614645],[15.918649,45.614527],[15.918764,45.61437],[15.918989,45.61424],[15.919065,45.614159],[15.919115,45.614106],[15.919229,45.613998],[15.919237,45.61399],[15.919238,45.61399],[15.919355,45.614049],[15.919414,45.614078],[15.919537,45.614139],[15.919682,45.614207],[15.919893,45.614298],[15.919906,45.614283],[15.919933,45.61425],[15.919944,45.614238],[15.920551,45.614537],[15.920796,45.614753],[15.921186,45.615267],[15.921911,45.616291],[15.922306,45.616571],[15.922974,45.617385],[15.924093,45.618971],[15.924686,45.619483],[15.925167,45.619802],[15.925726,45.620075],[15.926695,45.620225],[15.926874,45.620455],[15.927333,45.620775],[15.927678,45.620893],[15.928185,45.621209],[15.928432,45.621416],[15.928477,45.621435],[15.928493,45.621557],[15.928621,45.621638],[15.928741,45.621673],[15.929421,45.621635],[15.929554,45.621552],[15.930658,45.621833],[15.931009,45.621944],[15.931105,45.621954],[15.931475,45.622039],[15.931994,45.621868],[15.932259,45.621933],[15.932359,45.622001],[15.93243,45.62201],[15.93256,45.622101],[15.93262,45.622114],[15.932724,45.622256],[15.932882,45.622335],[15.93347,45.622838],[15.934079,45.622824],[15.934354,45.623138],[15.934325,45.623264],[15.934486,45.623359],[15.934693,45.623409],[15.93478,45.623482],[15.935013,45.623529],[15.935107,45.623487],[15.935166,45.623548],[15.935351,45.623726],[15.935446,45.62379],[15.935477,45.623873],[15.935593,45.623983],[15.935782,45.624045],[15.935835,45.624087],[15.935973,45.624239],[15.936021,45.624333],[15.936097,45.624447],[15.9364,45.624598],[15.936462,45.624578],[15.936513,45.624622],[15.936432,45.624714],[15.936687,45.624786],[15.936704,45.625155],[15.936834,45.625184],[15.936939,45.625337],[15.937069,45.625339],[15.937087,45.625423],[15.937122,45.625595],[15.937047,45.625657],[15.937199,45.625899],[15.93726,45.626084],[15.937421,45.626142],[15.937454,45.626243],[15.937717,45.626394],[15.937907,45.62657],[15.938034,45.626684],[15.93799,45.62681],[15.938126,45.627046],[15.938083,45.627436],[15.938324,45.627508],[15.938412,45.627586],[15.938554,45.627596],[15.938582,45.627616],[15.938659,45.627759],[15.938484,45.627833],[15.938394,45.627997],[15.93834,45.628088],[15.938291,45.628326],[15.938267,45.628729],[15.9383,45.628964],[15.938401,45.629076],[15.938489,45.629174],[15.938615,45.629714],[15.938754,45.629885],[15.938923,45.629956],[15.939277,45.629895],[15.939583,45.629923],[15.94007,45.630252],[15.940183,45.630246],[15.940669,45.630316],[15.940815,45.630217],[15.94127,45.630543],[15.94203,45.631537],[15.942521,45.631343],[15.944052,45.630881],[15.946573,45.629776],[15.946755,45.629756],[15.946874,45.629599],[15.947047,45.629571],[15.947056,45.629627],[15.947122,45.630037],[15.946728,45.631234],[15.946635,45.631659],[15.946796,45.632043],[15.947496,45.633436],[15.948907,45.635069],[15.949526,45.636124],[15.950564,45.637479],[15.950287,45.638125],[15.95023,45.63917],[15.949779,45.640662],[15.949836,45.640941],[15.949968,45.641318],[15.950116,45.641777],[15.950148,45.642366],[15.950116,45.642794],[15.949793,45.643619],[15.949508,45.644588],[15.949234,45.645842],[15.94947,45.646938],[15.949123,45.648337],[15.949118,45.649119],[15.948883,45.649778],[15.948747,45.650708],[15.948663,45.651347],[15.948653,45.651364],[15.94848,45.651665],[15.948826,45.651629],[15.948839,45.651794],[15.949054,45.651772],[15.94917,45.652128],[15.949344,45.652282],[15.949893,45.652551],[15.950504,45.652769],[15.950818,45.652983],[15.950984,45.653182],[15.951054,45.653466],[15.95135,45.653636],[15.95169,45.654164],[15.951749,45.65431],[15.951804,45.65448],[15.951898,45.654636],[15.952236,45.654938],[15.952394,45.654994],[15.952744,45.654975],[15.95274,45.655028],[15.953177,45.655078],[15.953942,45.655339],[15.954445,45.655431],[15.954555,45.655476],[15.954618,45.655571],[15.954738,45.655756],[15.95505,45.655865],[15.955614,45.655993],[15.955811,45.656017],[15.95601,45.655997],[15.95663,45.656103],[15.956863,45.656673],[15.956935,45.656969],[15.957067,45.656967],[15.957315,45.657547],[15.957443,45.657739],[15.957705,45.658196],[15.957769,45.658525],[15.957777,45.658823],[15.957744,45.659021],[15.957575,45.659034],[15.957409,45.659282],[15.957412,45.659376],[15.957236,45.659795],[15.957242,45.65991],[15.957157,45.660035],[15.957154,45.660181],[15.95719,45.660281],[15.957488,45.660879],[15.958125,45.662094],[15.958268,45.662395],[15.958425,45.662616],[15.958771,45.663214],[15.958802,45.663439],[15.958717,45.663655],[15.958682,45.663905],[15.9587,45.664182],[15.958733,45.664574],[15.958804,45.664732],[15.959069,45.66506],[15.959209,45.665201],[15.959378,45.665324],[15.959573,45.665493],[15.959776,45.665674],[15.960281,45.665844],[15.961126,45.665847],[15.961441,45.666001],[15.961794,45.666227],[15.961879,45.666319],[15.962053,45.666683],[15.962303,45.666961],[15.962553,45.667113],[15.962841,45.667298],[15.96292,45.667525],[15.962854,45.667753],[15.962627,45.668217],[15.96279,45.668559],[15.963323,45.668878],[15.96378,45.669008],[15.96499,45.669903],[15.965265,45.670142],[15.965163,45.670185],[15.965337,45.670276],[15.965748,45.67026],[15.966222,45.6709],[15.966079,45.671011],[15.966049,45.671132],[15.96613,45.671225],[15.965964,45.671216],[15.965707,45.671244],[15.965727,45.671362],[15.965475,45.671489],[15.965511,45.671531],[15.965481,45.671718],[15.9653,45.671798],[15.965291,45.671904],[15.965432,45.672135],[15.965222,45.672254],[15.965298,45.672513],[15.965187,45.672884],[15.965021,45.673009],[15.964906,45.67324],[15.964767,45.67337],[15.964968,45.673624],[15.964978,45.673912],[15.965174,45.674092],[15.965232,45.674186],[15.965096,45.674293],[15.965156,45.674454],[15.965468,45.674408],[15.965544,45.674497],[15.965509,45.674616],[15.965625,45.674691],[15.965514,45.674859],[15.965613,45.675077],[15.965983,45.675331],[15.965815,45.675528],[15.965854,45.675757],[15.966133,45.675733],[15.966382,45.675709],[15.966259,45.675855],[15.96605,45.676021],[15.965789,45.67604],[15.965767,45.676259],[15.966037,45.676216],[15.966178,45.676396],[15.966283,45.676552],[15.966098,45.676559],[15.965985,45.676551],[15.966041,45.676778],[15.965953,45.676885],[15.966325,45.676886],[15.966509,45.677015],[15.966517,45.677177],[15.966625,45.677254],[15.966676,45.677457],[15.966899,45.677549],[15.966815,45.677681],[15.966728,45.677802],[15.96672,45.677919],[15.966956,45.677963],[15.966908,45.67806],[15.966766,45.678125],[15.966574,45.678122],[15.966541,45.678317],[15.966681,45.678371],[15.966931,45.678347],[15.966899,45.678492],[15.966747,45.67874],[15.966879,45.678898],[15.966755,45.678996],[15.966833,45.679105],[15.966702,45.679288],[15.966853,45.679471],[15.966613,45.679525],[15.966733,45.679842],[15.966571,45.680031],[15.966404,45.680208],[15.966296,45.680306],[15.966504,45.680367],[15.966583,45.680509],[15.966825,45.680513],[15.967149,45.680442],[15.967359,45.680453],[15.967609,45.680525],[15.967553,45.680708],[15.967622,45.680882],[15.967543,45.68104],[15.967667,45.681108],[15.967885,45.681239],[15.967825,45.681341],[15.967653,45.68146],[15.967755,45.681702],[15.967635,45.681799],[15.967607,45.682021],[15.967381,45.682124],[15.96734,45.682264],[15.967345,45.682411],[15.967217,45.682431],[15.967042,45.6824],[15.96686,45.682409],[15.966506,45.682509],[15.966389,45.682723],[15.966172,45.683057],[15.965885,45.683619],[15.965986,45.683772],[15.96589,45.683874],[15.965673,45.683964],[15.965679,45.684044],[15.965938,45.684309],[15.965865,45.684414],[15.965496,45.684969],[15.965585,45.685121],[15.965562,45.685243],[15.965415,45.685319],[15.965221,45.685357],[15.965079,45.685673],[15.964845,45.685762],[15.964832,45.685878],[15.964956,45.686001],[15.965028,45.686118],[15.964797,45.68624],[15.964862,45.686402],[15.964826,45.686455],[15.964624,45.686536],[15.964654,45.686648],[15.964784,45.686674],[15.964801,45.686843],[15.964948,45.687009],[15.964892,45.687068],[15.964539,45.687054],[15.964506,45.687146],[15.964672,45.687314],[15.964485,45.687428],[15.964564,45.687661],[15.964488,45.687791],[15.964855,45.6882],[15.964836,45.688385],[15.964641,45.688511],[15.964742,45.688707],[15.964605,45.688937],[15.964611,45.689107],[15.964421,45.689275],[15.964594,45.689409],[15.964784,45.689473],[15.964922,45.689547],[15.964921,45.689734],[15.964714,45.689797],[15.964519,45.68989],[15.964298,45.690134],[15.96409,45.690184],[15.963956,45.690083],[15.963863,45.690159],[15.96384,45.690238],[15.963877,45.690353],[15.963947,45.690443],[15.964023,45.690493],[15.964645,45.690532],[15.965072,45.690499],[15.965141,45.690659],[15.965162,45.69093],[15.964908,45.691164],[15.964872,45.691281],[15.965136,45.691307],[15.965436,45.691169],[15.965707,45.691118],[15.965796,45.690852],[15.966072,45.690869],[15.966027,45.691066],[15.966035,45.691272],[15.966176,45.691503],[15.966556,45.691619],[15.966594,45.691809],[15.966371,45.691877],[15.966044,45.692012],[15.966016,45.69222],[15.96614,45.692322],[15.966398,45.692369],[15.96633,45.692522],[15.96642,45.692733],[15.966195,45.692799],[15.965903,45.692881],[15.965779,45.692723],[15.965561,45.692507],[15.965415,45.692541],[15.965258,45.692839],[15.965056,45.693108],[15.965019,45.693326],[15.965066,45.693435],[15.965247,45.693542],[15.965255,45.693636],[15.964914,45.693807],[15.964897,45.694109],[15.965218,45.694202],[15.965319,45.694421],[15.965256,45.694632],[15.965462,45.694775],[15.965656,45.694859],[15.965562,45.695065],[15.965269,45.695113],[15.965072,45.695154],[15.965218,45.695462],[15.965377,45.695502],[15.965731,45.695389],[15.965937,45.695568],[15.9659,45.69584],[15.966101,45.695822],[15.966318,45.695707],[15.966444,45.695812],[15.966388,45.696016],[15.966237,45.696182],[15.96622,45.69632],[15.96643,45.69639],[15.96683,45.696345],[15.966952,45.696409],[15.966936,45.696546],[15.966771,45.696664],[15.96706,45.696755],[15.967467,45.696733],[15.967669,45.696879],[15.96791,45.697196],[15.968053,45.697244],[15.968289,45.697101],[15.968397,45.697203],[15.968542,45.697586],[15.968716,45.697656],[15.968655,45.697727],[15.968463,45.697791],[15.968485,45.697889],[15.968693,45.697985],[15.968997,45.697822],[15.969237,45.697787],[15.96935,45.69806],[15.969545,45.698056],[15.969658,45.698125],[15.96948,45.69832],[15.969706,45.69841],[15.969837,45.698543],[15.970016,45.6986],[15.970164,45.698363],[15.97039,45.698281],[15.970413,45.698431],[15.970368,45.698661],[15.970776,45.698635],[15.97078,45.698737],[15.970611,45.698839],[15.970564,45.698967],[15.970787,45.699072],[15.971147,45.699099],[15.971319,45.699248],[15.971427,45.699704],[15.971766,45.700046],[15.972099,45.700276],[15.972327,45.700591],[15.9727,45.700512],[15.972911,45.700376],[15.973362,45.700414],[15.973572,45.700129],[15.973808,45.700174],[15.974203,45.70041],[15.97437,45.700546],[15.974696,45.700436],[15.974957,45.700294],[15.975176,45.700355],[15.975254,45.700557],[15.975324,45.700718],[15.975637,45.700756],[15.975848,45.700845],[15.975897,45.701003],[15.975805,45.701267],[15.976084,45.701363],[15.976137,45.701493],[15.976438,45.701879],[15.976411,45.702995],[15.976558,45.703063],[15.976861,45.703197],[15.976941,45.703423],[15.977114,45.703667],[15.97738,45.703821],[15.97765,45.704302],[15.977996,45.704495],[15.978364,45.704402],[15.978543,45.704237],[15.978625,45.703882],[15.978433,45.703606],[15.978219,45.703437],[15.978237,45.703153],[15.978375,45.703025],[15.978618,45.703044],[15.978711,45.703208],[15.978694,45.703396],[15.978857,45.703524],[15.979097,45.703528],[15.979182,45.70362],[15.979095,45.703793],[15.979109,45.703934],[15.979458,45.704064],[15.979812,45.704063],[15.980252,45.704158],[15.981046,45.704244],[15.981686,45.705205],[15.981819,45.706028],[15.982079,45.706687],[15.981956,45.707266],[15.982202,45.708074],[15.982587,45.709382],[15.982583,45.709884],[15.982784,45.710146],[15.983,45.710267],[15.983258,45.710318],[15.98365,45.710197],[15.983992,45.710242],[15.984243,45.710334],[15.984387,45.710437],[15.975973,45.712429],[15.975958,45.712486],[15.973436,45.713051],[15.967211,45.714536],[15.961458,45.715874],[15.95912,45.716538],[15.956564,45.717335],[15.95479,45.717949],[15.953164,45.718542],[15.95184,45.719072],[15.949693,45.719958],[15.947813,45.720813],[15.945673,45.721872],[15.944957,45.722235],[15.943056,45.723298],[15.940395,45.724881],[15.938271,45.726295],[15.935142,45.728689],[15.931544,45.731833],[15.929685,45.733704],[15.929037,45.734418],[15.925398,45.738842],[15.923864,45.740743],[15.921435,45.743731],[15.92011,45.745366],[15.919582,45.745997],[15.917271,45.748865],[15.916484,45.748988],[15.915905,45.749166],[15.913146,45.750023],[15.912712,45.750153],[15.912285,45.75033],[15.90965,45.7514],[15.909069,45.751718],[15.907989,45.751285],[15.907782,45.751272],[15.907848,45.75121],[15.907128,45.750872],[15.905998,45.750516],[15.905843,45.749955],[15.906063,45.749692],[15.905513,45.74945],[15.905543,45.749273],[15.905043,45.749395],[15.904261,45.74924],[15.903969,45.74911],[15.903046,45.748719],[15.90317,45.74869],[15.902418,45.747675],[15.902202,45.747734],[15.901752,45.746898],[15.901661,45.746681],[15.901643,45.746575],[15.901587,45.746071],[15.901552,45.745809],[15.901418,45.745509],[15.901244,45.745568],[15.900856,45.744916],[15.900721,45.744715],[15.900368,45.744825],[15.90026,45.74467],[15.900418,45.744599],[15.89942,45.743319],[15.89934,45.743309],[15.898053,45.744043],[15.897905,45.743766],[15.897707,45.743633],[15.897163,45.744055],[15.896376,45.743746],[15.896468,45.743605],[15.896384,45.743456],[15.89594,45.743362],[15.895552,45.743232],[15.895238,45.743085],[15.89479,45.742975],[15.894694,45.742623],[15.894642,45.742388],[15.894619,45.742212],[15.89465,45.741778],[15.894739,45.74138],[15.894783,45.741105],[15.895835,45.741067],[15.896293,45.741123],[15.896471,45.740744],[15.897396,45.739661],[15.897869,45.739113],[15.897792,45.739077],[15.898158,45.738544],[15.897811,45.738428],[15.897632,45.737914],[15.897551,45.737888],[15.897837,45.737365],[15.897832,45.737322],[15.896211,45.737525],[15.896271,45.736795],[15.892974,45.738177],[15.892343,45.738445],[15.891363,45.738971],[15.887065,45.740576],[15.886267,45.739677],[15.885117,45.737955],[15.884991,45.73801],[15.883854,45.738284],[15.883597,45.738322],[15.883149,45.738466],[15.882344,45.738911],[15.882037,45.73903],[15.881527,45.739177],[15.880685,45.739574],[15.880296,45.739791],[15.877696,45.73875],[15.877234,45.738555],[15.877368,45.738413],[15.876974,45.738236],[15.87675,45.738395],[15.876548,45.738417],[15.876536,45.738379],[15.876696,45.738314],[15.87688,45.738097],[15.872136,45.736125],[15.872098,45.73616],[15.871966,45.736104],[15.871997,45.736067],[15.869387,45.734952],[15.869139,45.734591],[15.868867,45.734724],[15.868572,45.734611],[15.868536,45.734542],[15.866284,45.733608],[15.865915,45.732736],[15.865924,45.732508],[15.866183,45.732093],[15.866368,45.731938],[15.866586,45.731838],[15.86687,45.731778],[15.868553,45.732004],[15.869328,45.73137],[15.869604,45.731855],[15.869837,45.731957],[15.870323,45.731904],[15.871439,45.731189],[15.871203,45.730973],[15.870921,45.730573],[15.869872,45.729199],[15.869591,45.72917],[15.869086,45.729055],[15.867505,45.728214],[15.866904,45.728049],[15.866541,45.727667],[15.866262,45.72737],[15.865861,45.726888],[15.865392,45.726215],[15.864441,45.725173],[15.863741,45.724492],[15.863551,45.724414],[15.862431,45.72414],[15.86184,45.723813],[15.860414,45.722842],[15.859619,45.722464],[15.859362,45.721908],[15.858992,45.721535],[15.857998,45.720794],[15.8574,45.720045],[15.857103,45.719846],[15.856837,45.719087],[15.856082,45.718581],[15.855778,45.718452],[15.855128,45.717707],[15.853647,45.717315],[15.853388,45.717482],[15.853064,45.717443],[15.852646,45.717622],[15.852585,45.717679],[15.850194,45.71936],[15.849515,45.719216],[15.848381,45.719761],[15.84815,45.719816],[15.847619,45.719942],[15.846866,45.720137],[15.846611,45.720265],[15.847164,45.720997],[15.84706,45.72119],[15.846764,45.721253],[15.846464,45.721201],[15.84588,45.721098],[15.845635,45.721238],[15.845632,45.721368],[15.845837,45.721634],[15.845773,45.721761],[15.845636,45.721878],[15.84527,45.721936],[15.844885,45.721874],[15.844548,45.721948],[15.844519,45.722279],[15.844634,45.722692],[15.844281,45.722986],[15.843907,45.723001],[15.84352,45.723009],[15.84335,45.722931],[15.843064,45.722961],[15.842918,45.722904],[15.842693,45.722896],[15.84246,45.722922],[15.842336,45.722805],[15.842193,45.72282],[15.841944,45.722987],[15.84175,45.722985],[15.841628,45.722891],[15.840944,45.723698],[15.84064,45.723985],[15.84041,45.724127],[15.84005,45.724182],[15.839539,45.724173],[15.839028,45.724152],[15.838777,45.724306],[15.838661,45.724633],[15.838773,45.724951],[15.838515,45.725551],[15.838322,45.725688],[15.837934,45.725729],[15.837624,45.725809],[15.837226,45.726079],[15.836994,45.726262],[15.836901,45.726497],[15.83699,45.726675],[15.837308,45.726967],[15.837351,45.727124],[15.837229,45.727192],[15.836923,45.727218],[15.836894,45.727306],[15.836817,45.727385],[15.836685,45.727446],[15.836453,45.727457],[15.836093,45.727412],[15.835819,45.727463],[15.83566,45.727564],[15.835614,45.727662],[15.835683,45.728253],[15.835612,45.728406],[15.835436,45.72849],[15.834699,45.728473],[15.834459,45.728648],[15.834118,45.728735],[15.833796,45.728632],[15.833771,45.728438],[15.834012,45.728219],[15.833802,45.7278],[15.83343,45.727821],[15.833162,45.728143],[15.832565,45.728213],[15.832243,45.728439],[15.832029,45.728435],[15.831891,45.728332],[15.832108,45.728069],[15.832016,45.727863],[15.832003,45.727567],[15.831844,45.72736],[15.831649,45.727479],[15.831212,45.727783],[15.830891,45.727792],[15.830494,45.727711],[15.830311,45.727633],[15.830313,45.727492],[15.830686,45.727367],[15.831042,45.727203],[15.831347,45.726831],[15.831319,45.726634],[15.830978,45.726559],[15.830615,45.726434],[15.830207,45.725906],[15.830253,45.725668],[15.830226,45.725517],[15.830053,45.725391],[15.829817,45.725321],[15.829744,45.725226],[15.829683,45.724926],[15.829594,45.724771],[15.82949,45.724682],[15.82932,45.724683],[15.829185,45.724706],[15.829005,45.724786],[15.828883,45.72487],[15.82839,45.724918],[15.827848,45.724793],[15.827717,45.724675],[15.827358,45.724537],[15.826994,45.72451],[15.826801,45.724451],[15.826749,45.724386],[15.826532,45.724313],[15.826326,45.724361],[15.826056,45.724286],[15.825989,45.724222],[15.825653,45.724123],[15.825357,45.723964],[15.825163,45.723917],[15.824646,45.723808],[15.824382,45.72367],[15.823863,45.723522],[15.823625,45.723302],[15.823265,45.72329],[15.823039,45.723356],[15.822723,45.7234],[15.822337,45.723511],[15.821696,45.723825],[15.821038,45.724084],[15.819852,45.724351],[15.8196,45.724584],[15.818838,45.724967],[15.818506,45.725066],[15.817837,45.725038],[15.816562,45.72542],[15.816455,45.725597],[15.816164,45.725879],[15.816006,45.725942],[15.815735,45.725883],[15.815714,45.726103],[15.815462,45.726446],[15.815145,45.726647],[15.814823,45.726696],[15.814637,45.726798],[15.814567,45.727058],[15.814487,45.72733],[15.814375,45.727371],[15.814333,45.727308],[15.814139,45.727238],[15.813576,45.727561],[15.813517,45.727898],[15.813626,45.727986],[15.81381,45.728154],[15.813782,45.728264],[15.813552,45.728241],[15.813245,45.728364],[15.813141,45.728655],[15.812812,45.728635],[15.812617,45.728784],[15.812749,45.729031],[15.812682,45.72906],[15.81257,45.729007],[15.812371,45.72902],[15.812502,45.729158],[15.812502,45.729251],[15.812316,45.729259],[15.812032,45.729334],[15.812037,45.729611],[15.811754,45.729744],[15.811725,45.730137],[15.811444,45.730016],[15.811239,45.730062],[15.811196,45.730387],[15.811127,45.730465],[15.810963,45.730409],[15.81057,45.730564],[15.81047,45.730464],[15.810355,45.730517],[15.810316,45.730651],[15.810328,45.730859],[15.810141,45.730894],[15.809917,45.73092],[15.809937,45.73102],[15.810007,45.731093],[15.810245,45.731112],[15.8103,45.731169],[15.810198,45.731242],[15.809572,45.731356],[15.809583,45.731626],[15.809851,45.731777],[15.809774,45.731864],[15.809539,45.731831],[15.809319,45.731935],[15.809324,45.732007],[15.809533,45.732126],[15.809188,45.732328],[15.809073,45.732613],[15.809275,45.732664],[15.809561,45.732788],[15.809491,45.732885],[15.809169,45.732859],[15.808821,45.732909],[15.808679,45.733077],[15.80903,45.733367],[15.808687,45.733809],[15.808753,45.733929],[15.809253,45.733944],[15.809251,45.734209],[15.809147,45.734321],[15.808745,45.734524],[15.808722,45.734648],[15.808813,45.734702],[15.808927,45.734641],[15.809024,45.734794],[15.809027,45.73507],[15.809225,45.735115],[15.80937,45.735156],[15.809394,45.735313],[15.809558,45.735441],[15.809325,45.73556],[15.809298,45.735713],[15.809412,45.735742],[15.809513,45.735821],[15.809174,45.736099],[15.809091,45.736438],[15.809537,45.737065],[15.809443,45.737643],[15.808772,45.737776],[15.808764,45.738058],[15.807794,45.738247],[15.806136,45.737862],[15.806401,45.737114],[15.802484,45.736333],[15.802697,45.735854],[15.798669,45.735052],[15.79852,45.735038],[15.798845,45.734712],[15.797823,45.734208],[15.797121,45.733806],[15.796606,45.733418],[15.796113,45.733583],[15.794038,45.73175],[15.791849,45.73275],[15.791434,45.732785],[15.790691,45.733064],[15.789919,45.733415],[15.789267,45.733713],[15.788942,45.733153],[15.787848,45.731774],[15.786392,45.729928],[15.78602,45.729842],[15.78554,45.729423],[15.784958,45.728717],[15.784679,45.728227],[15.784512,45.72776],[15.784237,45.726775],[15.783861,45.725426],[15.783646,45.724885],[15.783453,45.724464],[15.783355,45.72425],[15.783245,45.72401],[15.783055,45.723655],[15.782473,45.722974],[15.781592,45.721779],[15.780918,45.720678],[15.780539,45.719778],[15.779528,45.717148],[15.778099,45.712987],[15.777897,45.712593],[15.777593,45.712199],[15.774942,45.709921],[15.773205,45.708145],[15.773298,45.708092],[15.773591,45.707386],[15.773954,45.706932],[15.77464,45.706296],[15.775298,45.7057],[15.775462,45.705196],[15.775364,45.705071],[15.775302,45.704933],[15.775311,45.704607],[15.775542,45.703931],[15.7757,45.70373],[15.775756,45.703298],[15.775957,45.702778],[15.776275,45.702521],[15.776457,45.702139],[15.776742,45.701812],[15.776756,45.701506],[15.776782,45.700661],[15.776813,45.698643],[15.776753,45.698364],[15.776776,45.697749],[15.776502,45.697173],[15.776382,45.696756],[15.77639,45.696647],[15.776475,45.696276],[15.77653,45.696039],[15.776666,45.693997],[15.77683,45.693629],[15.777119,45.692899],[15.777301,45.692738],[15.777578,45.692089],[15.777353,45.691201],[15.777257,45.690954],[15.777326,45.690352],[15.77709,45.689966]]]]}},{"type":"Feature","properties":{"city":"Zagreb","name":"Črnomerec","osm_relation":3174289},"geometry":{"type":"MultiPolygon","coordinates":[[[[15.91044,45.854696],[15.909937,45.854225],[15.909174,45.853677],[15.908886,45.853383],[15.90782,45.852905],[15.907424,45.852603],[15.906638,45.852045],[15.906074,45.851779],[15.905769,45.851345],[15.904664,45.850704],[15.904674,45.850193],[15.904036,45.850054],[15.90337,45.850023],[15.903086,45.849725],[15.90339,45.849437],[15.903056,45.849111],[15.900966,45.846302],[15.900599,45.846051],[15.900209,45.845428],[15.900299,45.845156],[15.899905,45.84405],[15.899953,45.843758],[15.900415,45.843057],[15.903455,45.844549],[15.903889,45.844612],[15.904196,45.844708],[15.904417,45.844736],[15.904614,45.844753],[15.904794,45.844797],[15.90485,45.844895],[15.904877,45.845076],[15.905293,45.845032],[15.905563,45.844808],[15.905836,45.844465],[15.905979,45.844101],[15.906445,45.843573],[15.90652,45.84316],[15.906821,45.842738],[15.907058,45.842069],[15.907913,45.841533],[15.908038,45.841341],[15.90837,45.841021],[15.908442,45.840824],[15.908438,45.841009],[15.908931,45.842016],[15.909434,45.841884],[15.910118,45.842306],[15.910244,45.842781],[15.910563,45.842784],[15.910907,45.842671],[15.911193,45.842649],[15.911282,45.84263],[15.911373,45.842555],[15.911508,45.842375],[15.911943,45.841903],[15.912027,45.841799],[15.912337,45.841651],[15.912514,45.841509],[15.912532,45.841419],[15.912507,45.841314],[15.9125,45.841224],[15.912527,45.841175],[15.912577,45.841132],[15.912647,45.841112],[15.912585,45.841062],[15.91221,45.841014],[15.912101,45.840926],[15.911654,45.840243],[15.911623,45.839987],[15.911612,45.839899],[15.911447,45.839644],[15.911449,45.839521],[15.911584,45.839066],[15.911668,45.838508],[15.911758,45.838264],[15.911851,45.837611],[15.911598,45.837047],[15.911516,45.836682],[15.911409,45.836529],[15.911358,45.836433],[15.911242,45.836323],[15.910973,45.83616],[15.910995,45.83613],[15.911075,45.836171],[15.91107,45.836115],[15.911078,45.836045],[15.911124,45.835968],[15.911259,45.835868],[15.911344,45.835754],[15.91146,45.835524],[15.911562,45.835421],[15.911636,45.835384],[15.911668,45.835263],[15.911873,45.834963],[15.912137,45.834635],[15.91216,45.834552],[15.912108,45.834248],[15.912164,45.833909],[15.912252,45.833833],[15.912154,45.83378],[15.912053,45.833651],[15.912021,45.833543],[15.911996,45.833344],[15.911847,45.833079],[15.911762,45.833065],[15.911632,45.832984],[15.911411,45.832818],[15.911293,45.832497],[15.911233,45.832213],[15.911229,45.832011],[15.911154,45.831789],[15.910877,45.83147],[15.910715,45.83092],[15.910699,45.830752],[15.910664,45.830669],[15.910636,45.830601],[15.910451,45.830395],[15.910374,45.83027],[15.910337,45.830152],[15.910352,45.83001],[15.910368,45.829957],[15.91052,45.829724],[15.910809,45.829465],[15.911077,45.829286],[15.91118,45.829136],[15.911202,45.829048],[15.911196,45.828987],[15.911177,45.828898],[15.911369,45.828884],[15.91152,45.828821],[15.911612,45.828775],[15.911754,45.828681],[15.912198,45.828235],[15.912381,45.828093],[15.912712,45.827897],[15.913507,45.827344],[15.913637,45.827212],[15.913966,45.826876],[15.914111,45.826835],[15.914018,45.826688],[15.914103,45.826334],[15.91409,45.826107],[15.914103,45.825686],[15.914025,45.825386],[15.913869,45.82505],[15.913755,45.824653],[15.913582,45.824326],[15.913433,45.823906],[15.913351,45.823089],[15.913322,45.822777],[15.913336,45.822764],[15.913366,45.822752],[15.913359,45.822674],[15.912987,45.822466],[15.912888,45.822382],[15.912826,45.822253],[15.912762,45.821975],[15.912719,45.821718],[15.912639,45.821501],[15.912509,45.821282],[15.912376,45.821104],[15.912256,45.820982],[15.912605,45.820827],[15.912658,45.82079],[15.912656,45.820725],[15.912614,45.820654],[15.91223,45.820338],[15.912208,45.820257],[15.91225,45.820177],[15.912563,45.820106],[15.913104,45.819906],[15.91339,45.819972],[15.91411,45.820047],[15.914531,45.819761],[15.914391,45.819659],[15.914169,45.819515],[15.913998,45.819385],[15.913828,45.819112],[15.913777,45.818963],[15.913748,45.81887],[15.913673,45.818788],[15.913155,45.818091],[15.913542,45.817969],[15.91358,45.817793],[15.913902,45.817518],[15.91395,45.817349],[15.913941,45.817119],[15.914033,45.817059],[15.914228,45.817056],[15.914531,45.817095],[15.914687,45.817074],[15.914874,45.816968],[15.914955,45.81669],[15.914757,45.816454],[15.914787,45.816013],[15.914979,45.815901],[15.915037,45.815257],[15.915012,45.814999],[15.91506,45.814929],[15.915152,45.814901],[15.915138,45.814659],[15.91531,45.814502],[15.91575,45.814533],[15.915952,45.813555],[15.916501,45.812831],[15.916689,45.812852],[15.916806,45.812391],[15.916851,45.81157],[15.916963,45.811251],[15.929686,45.810464],[15.930028,45.810735],[15.935077,45.810453],[15.935228,45.810414],[15.935303,45.810395],[15.935323,45.810263],[15.941132,45.809925],[15.941686,45.809944],[15.941859,45.809937],[15.941859,45.809917],[15.942023,45.809913],[15.942021,45.809888],[15.94216,45.809883],[15.942163,45.809916],[15.944262,45.809817],[15.944732,45.809925],[15.944842,45.809912],[15.944979,45.80995],[15.945011,45.809911],[15.944916,45.809865],[15.944907,45.809731],[15.945293,45.80971],[15.945297,45.809725],[15.945417,45.809705],[15.945584,45.809698],[15.945718,45.809706],[15.946245,45.809675],[15.946863,45.809641],[15.948494,45.809551],[15.948615,45.809542],[15.948704,45.809536],[15.948702,45.809514],[15.948804,45.809508],[15.953769,45.809225],[15.95488,45.809164],[15.956917,45.809024],[15.956935,45.809212],[15.95716,45.809222],[15.957184,45.809415],[15.95721,45.809611],[15.957307,45.810442],[15.957379,45.811211],[15.957582,45.813079],[15.95759,45.813093],[15.957607,45.813101],[15.957631,45.813108],[15.95768,45.813226],[15.957213,45.813247],[15.9566,45.813253],[15.95615,45.813219],[15.956122,45.813232],[15.956075,45.813391],[15.956348,45.813427],[15.956316,45.813633],[15.956348,45.81363],[15.956371,45.81373],[15.956326,45.813736],[15.956323,45.813765],[15.956309,45.813804],[15.956232,45.813794],[15.956242,45.813757],[15.955975,45.813709],[15.955973,45.813777],[15.956061,45.813927],[15.955869,45.813985],[15.955794,45.814033],[15.955823,45.814094],[15.955706,45.814164],[15.955742,45.814196],[15.955498,45.814384],[15.955372,45.814466],[15.955281,45.814409],[15.955149,45.814491],[15.955292,45.814588],[15.954988,45.814868],[15.954818,45.815054],[15.954573,45.814924],[15.954399,45.815123],[15.954472,45.815139],[15.954547,45.815164],[15.954643,45.815211],[15.954731,45.815266],[15.954773,45.815314],[15.954793,45.81536],[15.954823,45.815469],[15.954827,45.815524],[15.954809,45.8156],[15.954782,45.815674],[15.954638,45.816014],[15.95458,45.816226],[15.954593,45.816342],[15.954634,45.816466],[15.95491,45.817042],[15.955047,45.817302],[15.955176,45.817511],[15.955648,45.817481],[15.955589,45.817719],[15.955596,45.817835],[15.955873,45.818599],[15.955971,45.818875],[15.956153,45.819292],[15.95647,45.820287],[15.956543,45.820504],[15.956716,45.82049],[15.95669,45.820694],[15.956633,45.820698],[15.956657,45.820817],[15.956703,45.820937],[15.956272,45.820959],[15.956364,45.821211],[15.956486,45.821306],[15.956652,45.822087],[15.956567,45.822091],[15.956766,45.822196],[15.956988,45.822337],[15.957194,45.822525],[15.957464,45.822699],[15.957623,45.822759],[15.957776,45.822853],[15.957873,45.822979],[15.95825,45.823313],[15.958223,45.823366],[15.958672,45.823666],[15.958697,45.823798],[15.958847,45.823902],[15.958701,45.823996],[15.958668,45.824057],[15.9588,45.824222],[15.959062,45.824441],[15.95903,45.824516],[15.959045,45.824695],[15.959159,45.824848],[15.959101,45.824913],[15.959078,45.825015],[15.959123,45.825114],[15.959283,45.825173],[15.959403,45.825339],[15.959367,45.825517],[15.959295,45.825669],[15.95929,45.825757],[15.959374,45.825813],[15.95908,45.825796],[15.958985,45.826012],[15.959033,45.826159],[15.958905,45.826179],[15.958961,45.826356],[15.958909,45.826467],[15.958979,45.82657],[15.959039,45.826857],[15.959058,45.826947],[15.959017,45.826985],[15.958775,45.82704],[15.958918,45.827201],[15.958707,45.827302],[15.958658,45.827282],[15.95837,45.827487],[15.958319,45.827639],[15.958236,45.827591],[15.958048,45.827656],[15.958052,45.827798],[15.95815,45.827867],[15.957989,45.828166],[15.957311,45.828784],[15.957424,45.828937],[15.956897,45.829495],[15.956673,45.829627],[15.956637,45.830114],[15.956817,45.830657],[15.956375,45.832176],[15.956022,45.833822],[15.955876,45.834829],[15.955494,45.835765],[15.955368,45.836337],[15.955487,45.836884],[15.955815,45.83763],[15.95642,45.83833],[15.956406,45.838573],[15.956292,45.838847],[15.955832,45.839093],[15.955614,45.839495],[15.955624,45.839865],[15.955512,45.840744],[15.954782,45.841806],[15.954913,45.842071],[15.954952,45.842341],[15.954688,45.842963],[15.954388,45.84346],[15.954326,45.844079],[15.954315,45.844369],[15.953673,45.844228],[15.953096,45.844355],[15.952797,45.843557],[15.952802,45.843489],[15.952909,45.843283],[15.952857,45.843271],[15.952811,45.843277],[15.952631,45.84347],[15.952533,45.843553],[15.952447,45.843599],[15.952357,45.843622],[15.952274,45.843622],[15.952207,45.84361],[15.952156,45.843585],[15.952136,45.843547],[15.952141,45.84346],[15.952144,45.843416],[15.952117,45.843323],[15.952048,45.843233],[15.952004,45.843121],[15.951956,45.843059],[15.95177,45.842887],[15.951547,45.842712],[15.951526,45.842726],[15.951316,45.842541],[15.950943,45.84226],[15.950836,45.842188],[15.950697,45.842129],[15.950604,45.842098],[15.950486,45.842125],[15.950281,45.842196],[15.949874,45.842367],[15.949584,45.842477],[15.94942,45.842532],[15.94937,45.842562],[15.949352,45.8426],[15.948278,45.842265],[15.947602,45.842103],[15.947297,45.84193],[15.947085,45.841655],[15.94675,45.841305],[15.946653,45.841157],[15.946533,45.840879],[15.946489,45.840758],[15.946476,45.840546],[15.94621,45.840396],[15.946168,45.840444],[15.946208,45.840578],[15.946123,45.840932],[15.946049,45.841034],[15.945633,45.84051],[15.945446,45.840255],[15.945711,45.839886],[15.945491,45.839646],[15.944741,45.839631],[15.944387,45.839365],[15.94442,45.839161],[15.944443,45.838925],[15.944373,45.83879],[15.944343,45.838039],[15.943934,45.838077],[15.943714,45.83811],[15.943703,45.838202],[15.943751,45.838267],[15.943753,45.838346],[15.943662,45.838474],[15.943663,45.83852],[15.943725,45.838642],[15.943757,45.838764],[15.9438,45.838849],[15.943598,45.839158],[15.943615,45.839275],[15.943438,45.839573],[15.943434,45.839654],[15.943308,45.839647],[15.943249,45.83967],[15.943206,45.839784],[15.943261,45.839845],[15.94328,45.839878],[15.943227,45.840044],[15.943219,45.840132],[15.943235,45.840278],[15.943296,45.840366],[15.943407,45.84049],[15.943484,45.8405],[15.943533,45.840563],[15.94353,45.840667],[15.943554,45.840763],[15.943669,45.840747],[15.943763,45.840765],[15.943772,45.840841],[15.943687,45.840963],[15.943653,45.841143],[15.943568,45.841165],[15.943283,45.841272],[15.943175,45.841338],[15.942957,45.841501],[15.942808,45.841597],[15.942734,45.841693],[15.942612,45.841766],[15.942543,45.841857],[15.942589,45.842006],[15.942776,45.84224],[15.94264,45.842294],[15.94237,45.842438],[15.94227,45.842516],[15.942228,45.842607],[15.942229,45.842716],[15.942305,45.842889],[15.942242,45.84305],[15.942177,45.843127],[15.942142,45.843216],[15.94221,45.843292],[15.942351,45.84369],[15.942452,45.844014],[15.942447,45.844183],[15.942443,45.84429],[15.942465,45.844345],[15.942565,45.844395],[15.942694,45.84445],[15.94274,45.844562],[15.942784,45.844713],[15.942762,45.84488],[15.942774,45.845021],[15.942876,45.845149],[15.942921,45.845367],[15.942864,45.845503],[15.942825,45.845975],[15.942834,45.846183],[15.942841,45.846337],[15.942926,45.84646],[15.943034,45.84659],[15.9431,45.846755],[15.943099,45.846957],[15.943119,45.847003],[15.943178,45.847046],[15.943293,45.847068],[15.94335,45.847096],[15.943489,45.847261],[15.943621,45.847375],[15.943531,45.847439],[15.943486,45.847515],[15.943467,45.847627],[15.943505,45.847759],[15.943507,45.847835],[15.943618,45.847958],[15.943523,45.848038],[15.943572,45.848387],[15.943738,45.848836],[15.94378,45.849162],[15.943779,45.849298],[15.943871,45.849496],[15.943987,45.849855],[15.9441,45.850572],[15.944174,45.850756],[15.94431,45.850921],[15.94441,45.851059],[15.944426,45.851175],[15.944407,45.851415],[15.944413,45.851565],[15.944445,45.85162],[15.944511,45.851662],[15.944551,45.851695],[15.944588,45.851754],[15.944626,45.851954],[15.94473,45.852215],[15.944785,45.852426],[15.944812,45.852688],[15.944318,45.852828],[15.94403,45.852947],[15.943709,45.853301],[15.943573,45.85345],[15.943467,45.853598],[15.943436,45.853713],[15.943406,45.853928],[15.943413,45.854092],[15.943468,45.85425],[15.943662,45.854574],[15.943686,45.854652],[15.943594,45.85475],[15.943681,45.854795],[15.943779,45.855134],[15.943879,45.855121],[15.943709,45.855773],[15.943785,45.855802],[15.943803,45.856484],[15.943681,45.856863],[15.943658,45.857366],[15.943635,45.8578],[15.943539,45.858033],[15.944065,45.858429],[15.944122,45.859213],[15.944228,45.859183],[15.94452,45.859516],[15.944769,45.860104],[15.944461,45.860435],[15.944361,45.860714],[15.943969,45.861078],[15.943111,45.861612],[15.943307,45.861987],[15.943332,45.862225],[15.943294,45.862477],[15.943158,45.862858],[15.943389,45.863925],[15.943348,45.864471],[15.942771,45.865893],[15.942575,45.866045],[15.942368,45.866231],[15.942146,45.866432],[15.941888,45.866755],[15.941845,45.867637],[15.941927,45.868172],[15.941977,45.868437],[15.942154,45.868675],[15.942571,45.868946],[15.942901,45.869242],[15.942914,45.869532],[15.942879,45.869889],[15.942404,45.870448],[15.941628,45.870896],[15.941449,45.871252],[15.941266,45.871481],[15.940321,45.871831],[15.939324,45.872767],[15.938473,45.873944],[15.93824,45.87445],[15.938216,45.875059],[15.938309,45.875288],[15.938296,45.875796],[15.937936,45.876527],[15.93674,45.87735],[15.935228,45.87811],[15.934769,45.878159],[15.934499,45.878102],[15.934116,45.877839],[15.933958,45.877665],[15.93397,45.877377],[15.933812,45.877232],[15.933673,45.877237],[15.93301,45.877784],[15.93262,45.877713],[15.932047,45.877718],[15.930355,45.878836],[15.929773,45.879371],[15.929093,45.880325],[15.92883,45.881026],[15.92892,45.881454],[15.929053,45.881717],[15.929042,45.882968],[15.928812,45.883158],[15.928674,45.883585],[15.928564,45.883891],[15.92817,45.884059],[15.927809,45.884424],[15.927552,45.884827],[15.927434,45.88516],[15.927376,45.885468],[15.926548,45.886229],[15.926316,45.886339],[15.925955,45.886754],[15.925791,45.887227],[15.925403,45.887738],[15.924821,45.887945],[15.924681,45.888082],[15.924317,45.888144],[15.924312,45.888427],[15.923843,45.888639],[15.923438,45.889101],[15.922922,45.889192],[15.922562,45.889504],[15.922343,45.889555],[15.92198,45.889398],[15.921802,45.889347],[15.921548,45.889299],[15.920069,45.888876],[15.919365,45.888466],[15.918712,45.888243],[15.918449,45.887847],[15.918329,45.887831],[15.918517,45.887308],[15.918593,45.886647],[15.918851,45.886136],[15.918765,45.885561],[15.918061,45.885389],[15.916786,45.885198],[15.916302,45.88493],[15.915705,45.884586],[15.915167,45.884473],[15.914683,45.884257],[15.914387,45.883574],[15.913712,45.882942],[15.913054,45.882038],[15.912777,45.881719],[15.9119,45.880449],[15.911271,45.879578],[15.910619,45.879174],[15.910313,45.878536],[15.909968,45.877932],[15.90948,45.877533],[15.908881,45.877106],[15.908429,45.876833],[15.907957,45.876737],[15.907537,45.876676],[15.90675,45.876249],[15.906446,45.875663],[15.906411,45.87482],[15.9063,45.873873],[15.906462,45.873104],[15.90632,45.872725],[15.906033,45.871843],[15.906012,45.870741],[15.905943,45.870128],[15.905797,45.869994],[15.90558,45.869036],[15.905257,45.868518],[15.90497,45.868311],[15.904988,45.867568],[15.90525,45.867149],[15.905803,45.866491],[15.906532,45.866077],[15.907082,45.865418],[15.907983,45.864868],[15.908158,45.864292],[15.908871,45.863725],[15.909411,45.863071],[15.909746,45.862771],[15.909446,45.862344],[15.909528,45.861998],[15.909945,45.861763],[15.910471,45.861668],[15.910728,45.861594],[15.911454,45.860931],[15.911243,45.860626],[15.911422,45.860215],[15.911331,45.85948],[15.911755,45.858169],[15.911418,45.857728],[15.911206,45.856849],[15.910969,45.855993],[15.911089,45.855408],[15.910885,45.855145],[15.91044,45.854696]]]]}},{"type":"Feature","properties":{"city":"Zagreb","name":"Donja Dubrava","osm_relation":3173945},"geometry":{"type":"MultiPolygon","coordinates":[[[[16.036531,45.823993],[16.037794,45.824271],[16.038123,45.824113],[16.038169,45.824016],[16.038705,45.824138],[16.038609,45.824341],[16.039178,45.824468],[16.039133,45.824542],[16.040418,45.824888],[16.040496,45.824898],[16.040914,45.825013],[16.041017,45.825027],[16.042225,45.82534],[16.042701,45.825465],[16.043298,45.825643],[16.044496,45.826054],[16.044496,45.826076],[16.044627,45.826111],[16.045386,45.826393],[16.045378,45.826406],[16.045955,45.826609],[16.047307,45.827083],[16.048437,45.827453],[16.048531,45.827451],[16.048912,45.827599],[16.048933,45.827619],[16.049831,45.82791],[16.050024,45.827981],[16.050872,45.828258],[16.052085,45.828657],[16.052659,45.828818],[16.053062,45.828932],[16.053453,45.829022],[16.054026,45.829151],[16.054865,45.829339],[16.055575,45.829455],[16.05604,45.829516],[16.05646,45.829534],[16.056463,45.829519],[16.057213,45.829575],[16.057607,45.829592],[16.057608,45.829607],[16.057784,45.8296],[16.057786,45.829568],[16.058059,45.82955],[16.058378,45.829507],[16.058456,45.829493],[16.058523,45.829479],[16.058748,45.829426],[16.059691,45.829267],[16.061699,45.828904],[16.061856,45.828885],[16.062513,45.82879],[16.06251,45.828773],[16.062722,45.828746],[16.063042,45.828712],[16.063282,45.82865],[16.063652,45.828623],[16.063905,45.828644],[16.064287,45.828627],[16.065238,45.828618],[16.065638,45.828619],[16.067673,45.828684],[16.068628,45.828625],[16.069131,45.828602],[16.069231,45.828574],[16.069377,45.828543],[16.069712,45.828504],[16.069936,45.828504],[16.0739,45.828018],[16.073937,45.828006],[16.07396,45.82799],[16.073973,45.82797],[16.073974,45.82795],[16.075436,45.827771],[16.075648,45.827751],[16.075975,45.827695],[16.075983,45.827712],[16.076174,45.8277],[16.07634,45.827672],[16.076386,45.827765],[16.076452,45.827775],[16.076428,45.8279],[16.076652,45.827863],[16.078794,45.827378],[16.078804,45.827368],[16.078818,45.827358],[16.078842,45.827351],[16.079753,45.827213],[16.079787,45.827212],[16.07982,45.827216],[16.079842,45.827223],[16.079893,45.827246],[16.080093,45.827221],[16.080086,45.827186],[16.080863,45.827097],[16.08086,45.827073],[16.081184,45.82703],[16.081182,45.827004],[16.082695,45.826826],[16.083053,45.826782],[16.083214,45.826766],[16.083824,45.826682],[16.084655,45.826557],[16.084945,45.826514],[16.085129,45.826482],[16.085571,45.826395],[16.086184,45.826252],[16.08633,45.826217],[16.086583,45.826156],[16.086778,45.82612],[16.086877,45.826104],[16.086997,45.826094],[16.086964,45.82595],[16.086997,45.825909],[16.087006,45.825692],[16.087054,45.825611],[16.087175,45.825511],[16.0872,45.825442],[16.087437,45.825197],[16.087473,45.82517],[16.087465,45.825111],[16.087419,45.825067],[16.087408,45.824968],[16.087319,45.82495],[16.08731,45.824929],[16.087422,45.824661],[16.087398,45.824655],[16.087425,45.824592],[16.087468,45.82456],[16.087581,45.824483],[16.087811,45.824375],[16.087913,45.824304],[16.088404,45.823947],[16.088613,45.823753],[16.088856,45.823557],[16.088959,45.823424],[16.089132,45.823083],[16.089154,45.82288],[16.08918,45.822808],[16.089225,45.82274],[16.089439,45.822598],[16.089666,45.822403],[16.089867,45.82222],[16.090194,45.821931],[16.090632,45.821548],[16.091116,45.821173],[16.091174,45.821113],[16.09163,45.820836],[16.092267,45.820497],[16.092551,45.820338],[16.09299,45.820049],[16.094427,45.8191],[16.095003,45.81862],[16.095518,45.818123],[16.095775,45.817913],[16.095992,45.817774],[16.096247,45.817629],[16.096473,45.817542],[16.096757,45.817473],[16.097028,45.817427],[16.097334,45.817368],[16.097608,45.817299],[16.097967,45.817198],[16.098349,45.817098],[16.098203,45.816894],[16.097871,45.816756],[16.097847,45.816671],[16.097587,45.816446],[16.097492,45.814889],[16.097412,45.814674],[16.098698,45.814285],[16.099013,45.814404],[16.098847,45.814902],[16.100555,45.815152],[16.100519,45.815074],[16.100518,45.815005],[16.100529,45.814943],[16.100604,45.814833],[16.100641,45.814788],[16.100691,45.814744],[16.100694,45.814697],[16.100685,45.814573],[16.100724,45.81422],[16.100756,45.81413],[16.100807,45.814029],[16.100938,45.813904],[16.101028,45.813846],[16.101139,45.813783],[16.10126,45.813693],[16.1013,45.813649],[16.101318,45.813585],[16.101324,45.813429],[16.101562,45.81343],[16.101575,45.813295],[16.101568,45.813021],[16.101516,45.812841],[16.101386,45.812729],[16.101444,45.812683],[16.101497,45.812571],[16.101429,45.812227],[16.101399,45.812078],[16.10115,45.810325],[16.101016,45.81031],[16.101089,45.810066],[16.101093,45.810004],[16.101067,45.809786],[16.100923,45.809122],[16.100502,45.806346],[16.099563,45.806375],[16.098616,45.806393],[16.097328,45.806396],[16.096155,45.806378],[16.094613,45.806293],[16.093519,45.806217],[16.092806,45.80615],[16.091693,45.80603],[16.090429,45.805872],[16.086773,45.805394],[16.086097,45.805316],[16.082993,45.804903],[16.077762,45.804211],[16.074458,45.803776],[16.072953,45.803568],[16.070042,45.803202],[16.0697,45.803167],[16.065609,45.802618],[16.063367,45.802311],[16.062522,45.802202],[16.060203,45.801902],[16.056856,45.801463],[16.054001,45.801071],[16.051988,45.800776],[16.049426,45.80036],[16.048292,45.800161],[16.047471,45.800012],[16.046605,45.799837],[16.046696,45.800086],[16.046675,45.800325],[16.046713,45.800495],[16.046892,45.801003],[16.047479,45.802873],[16.047503,45.803047],[16.047521,45.803367],[16.047619,45.803478],[16.047814,45.803633],[16.048155,45.803881],[16.048189,45.803921],[16.048233,45.804093],[16.04835,45.804823],[16.048451,45.805137],[16.048471,45.805236],[16.048554,45.805422],[16.048702,45.805642],[16.048887,45.805909],[16.049049,45.806077],[16.049445,45.806341],[16.0495,45.806404],[16.049522,45.80646],[16.049534,45.806516],[16.049541,45.806584],[16.049536,45.80669],[16.049502,45.806872],[16.049505,45.80731],[16.049578,45.807577],[16.049752,45.807947],[16.049734,45.80801],[16.049838,45.808152],[16.049752,45.808274],[16.049848,45.808438],[16.049958,45.808749],[16.050029,45.808795],[16.050068,45.809084],[16.050055,45.80924],[16.050128,45.809386],[16.050014,45.809592],[16.049913,45.809892],[16.049956,45.809993],[16.049812,45.8101],[16.049709,45.810292],[16.049613,45.810329],[16.049578,45.810394],[16.049543,45.810561],[16.049396,45.810773],[16.049286,45.810865],[16.049086,45.811139],[16.049103,45.811238],[16.049255,45.811509],[16.049256,45.812015],[16.049226,45.812047],[16.049162,45.812065],[16.049088,45.812207],[16.049031,45.812243],[16.048715,45.812448],[16.048674,45.812747],[16.048737,45.8128],[16.048729,45.813192],[16.048638,45.813344],[16.048585,45.813596],[16.048576,45.813891],[16.048503,45.814484],[16.048181,45.814841],[16.048172,45.814939],[16.048223,45.815073],[16.048364,45.81515],[16.048392,45.815419],[16.048439,45.815594],[16.048404,45.815681],[16.04825,45.815851],[16.047983,45.815984],[16.047871,45.816098],[16.047862,45.81628],[16.047953,45.816354],[16.047939,45.816484],[16.047818,45.816649],[16.047679,45.816656],[16.04761,45.816792],[16.047283,45.816905],[16.047034,45.816959],[16.046876,45.816937],[16.046783,45.816956],[16.046617,45.81694],[16.046562,45.816906],[16.046371,45.816906],[16.046229,45.816953],[16.046163,45.817117],[16.045926,45.817915],[16.045817,45.817958],[16.04577,45.817976],[16.042065,45.817366],[16.038757,45.816758],[16.03858,45.817294],[16.038407,45.817808],[16.038183,45.818284],[16.038037,45.818695],[16.038214,45.81874],[16.038171,45.818853],[16.038042,45.818831],[16.03796,45.819084],[16.037923,45.819077],[16.037353,45.820836],[16.037477,45.82086],[16.03742,45.821028],[16.037475,45.821038],[16.037426,45.821173],[16.037315,45.821153],[16.03713,45.821697],[16.036765,45.822833],[16.036796,45.822916],[16.036758,45.823086],[16.03692,45.823116],[16.036879,45.823246],[16.036769,45.823217],[16.036694,45.823225],[16.036657,45.823266],[16.03648,45.823867],[16.036521,45.823937],[16.036531,45.823993]]]]}},{"type":"Feature","properties":{"city":"Zagreb","name":"Donji grad","osm_relation":3173898},"geometry":{"type":"MultiPolygon","coordinates":[[[[15.956917,45.809024],[15.956935,45.809212],[15.95716,45.809222],[15.957184,45.809415],[15.95721,45.809611],[15.957307,45.810442],[15.957379,45.811211],[15.957582,45.813079],[15.95759,45.813093],[15.957607,45.813101],[15.957631,45.813108],[15.95768,45.813226],[15.958656,45.813182],[15.95884,45.813193],[15.958859,45.813172],[15.959237,45.81313],[15.959802,45.813049],[15.962156,45.812553],[15.963164,45.81236],[15.963465,45.812331],[15.963724,45.812342],[15.963865,45.812366],[15.96403,45.812399],[15.964431,45.812503],[15.964601,45.812548],[15.965502,45.812783],[15.966114,45.81294],[15.96679,45.813082],[15.966831,45.812989],[15.967336,45.813076],[15.967962,45.81315],[15.968602,45.81319],[15.969525,45.813215],[15.969827,45.813234],[15.970471,45.813203],[15.970682,45.813191],[15.971869,45.813139],[15.971904,45.81313],[15.97212,45.813129],[15.973119,45.813102],[15.97386,45.813032],[15.974364,45.813012],[15.97461,45.812994],[15.975346,45.81299],[15.975373,45.81297],[15.975853,45.812965],[15.976013,45.812952],[15.976328,45.812905],[15.976548,45.812812],[15.976886,45.812755],[15.977998,45.81257],[15.978732,45.812392],[15.978831,45.812342],[15.979208,45.812345],[15.979253,45.812353],[15.98157,45.812212],[15.983398,45.812105],[15.983254,45.813909],[15.983138,45.814048],[15.983461,45.814059],[15.983486,45.814034],[15.983842,45.813926],[15.983827,45.8139],[15.98402,45.813846],[15.984204,45.813805],[15.984512,45.813787],[15.985119,45.813809],[15.986283,45.813819],[15.987219,45.813852],[15.990749,45.814013],[15.990951,45.814017],[15.993243,45.814049],[15.993686,45.814109],[15.994309,45.814259],[15.995702,45.814658],[15.996187,45.814835],[15.996496,45.814367],[15.996508,45.814349],[15.996508,45.814333],[15.996502,45.814318],[15.996423,45.814205],[15.996727,45.814081],[15.996794,45.814114],[15.996852,45.814134],[15.997246,45.814251],[15.997731,45.813824],[15.998456,45.813188],[15.999343,45.812391],[15.999946,45.811861],[15.99995,45.81185],[15.99995,45.811843],[15.999946,45.811836],[15.999939,45.81183],[16.000189,45.81162],[16.000223,45.811608],[16.00026,45.811588],[16.003269,45.8089],[16.003409,45.808768],[16.003331,45.808753],[15.999718,45.807766],[15.999464,45.807507],[15.999333,45.807476],[15.999014,45.807468],[15.998765,45.807441],[15.998291,45.807352],[15.99487,45.806413],[15.993905,45.806057],[15.993644,45.805862],[15.993518,45.805692],[15.993289,45.805719],[15.99318,45.805724],[15.992838,45.805733],[15.992579,45.805715],[15.992436,45.805697],[15.992264,45.805667],[15.991841,45.805557],[15.9916,45.805507],[15.991502,45.805555],[15.991345,45.805512],[15.991182,45.805405],[15.989927,45.805075],[15.989755,45.805034],[15.989403,45.804968],[15.989266,45.804986],[15.988857,45.804947],[15.987753,45.804887],[15.987477,45.804872],[15.987033,45.804829],[15.986441,45.804752],[15.985213,45.80454],[15.98365,45.804269],[15.983653,45.804241],[15.984675,45.804293],[15.984843,45.804296],[15.985817,45.804272],[15.98582,45.804243],[15.983576,45.804113],[15.982581,45.804061],[15.982605,45.803861],[15.984058,45.803934],[15.98407,45.80383],[15.984199,45.803837],[15.984215,45.803658],[15.983252,45.803614],[15.982421,45.803574],[15.982334,45.803574],[15.981664,45.803629],[15.98117,45.803672],[15.980998,45.803706],[15.980941,45.803564],[15.98088,45.803514],[15.980747,45.803618],[15.980258,45.803798],[15.980192,45.80377],[15.979502,45.803922],[15.978929,45.804004],[15.977369,45.804101],[15.976542,45.80415],[15.976507,45.804136],[15.976197,45.804144],[15.976196,45.804162],[15.975433,45.804176],[15.974059,45.804097],[15.973269,45.804052],[15.973125,45.804038],[15.973023,45.804025],[15.972356,45.803902],[15.970625,45.803573],[15.969589,45.80338],[15.96958,45.80338],[15.969571,45.803384],[15.969562,45.803391],[15.969543,45.803441],[15.969509,45.803433],[15.969529,45.80338],[15.969526,45.803374],[15.969516,45.803368],[15.969504,45.803364],[15.966705,45.802839],[15.96548,45.802575],[15.964899,45.802439],[15.964641,45.802364],[15.964593,45.802417],[15.964461,45.802384],[15.966086,45.804767],[15.96569,45.804956],[15.965604,45.805024],[15.96514,45.805287],[15.964647,45.805618],[15.963535,45.806402],[15.962906,45.806868],[15.962688,45.807018],[15.96241,45.807172],[15.961845,45.807568],[15.96156,45.807758],[15.961256,45.807951],[15.961137,45.808023],[15.960464,45.808291],[15.960113,45.808432],[15.959845,45.808529],[15.959567,45.808621],[15.959304,45.8087],[15.959088,45.808765],[15.958826,45.808826],[15.958582,45.808875],[15.958336,45.808918],[15.958075,45.808952],[15.957875,45.80897],[15.957026,45.809016],[15.956917,45.809024]]]]}},{"type":"Feature","properties":{"city":"Zagreb","name":"Gornja Dubrava","osm_relation":3178488},"geometry":{"type":"MultiPolygon","coordinates":[[[[16.027114,45.867969],[16.027004,45.868048],[16.026886,45.868185],[16.026819,45.868528],[16.026361,45.869242],[16.02596,45.869819],[16.025716,45.869955],[16.025547,45.870122],[16.0252,45.870375],[16.024104,45.870763],[16.023402,45.871561],[16.023094,45.871742],[16.022982,45.871837],[16.022897,45.871935],[16.022774,45.872103],[16.022453,45.872806],[16.022554,45.873016],[16.02533,45.87363],[16.025418,45.873396],[16.025738,45.87352],[16.026691,45.874344],[16.026674,45.874423],[16.028439,45.874678],[16.028377,45.874604],[16.028974,45.8747],[16.029703,45.874749],[16.030235,45.874728],[16.030234,45.874659],[16.031139,45.874613],[16.032331,45.8745],[16.032651,45.874754],[16.033237,45.874879],[16.033346,45.876],[16.033493,45.875995],[16.033522,45.87613],[16.033472,45.876244],[16.033332,45.876239],[16.033282,45.876307],[16.033402,45.876493],[16.033547,45.876576],[16.03361,45.876681],[16.033523,45.876731],[16.033338,45.876756],[16.03319,45.876715],[16.033021,45.876713],[16.032986,45.876897],[16.032804,45.87712],[16.032808,45.87742],[16.032645,45.877757],[16.03317,45.878171],[16.033201,45.878321],[16.033062,45.878647],[16.033074,45.878713],[16.03294,45.878895],[16.032732,45.879045],[16.032638,45.879135],[16.032547,45.879305],[16.032536,45.879535],[16.034373,45.879504],[16.034389,45.8797],[16.034568,45.880317],[16.034716,45.880641],[16.034958,45.880957],[16.035167,45.8813],[16.0353,45.881613],[16.035298,45.881788],[16.035262,45.881899],[16.035198,45.882104],[16.035179,45.882233],[16.035219,45.882413],[16.035354,45.882926],[16.035483,45.883054],[16.035721,45.883397],[16.035955,45.883582],[16.036586,45.883685],[16.036967,45.883698],[16.037583,45.883668],[16.038065,45.883615],[16.038098,45.883561],[16.038143,45.883519],[16.038296,45.8835],[16.038515,45.883508],[16.038802,45.883605],[16.038979,45.883746],[16.038895,45.883823],[16.038552,45.884017],[16.038282,45.884045],[16.039109,45.884732],[16.038853,45.884835],[16.038922,45.885344],[16.038518,45.885379],[16.038474,45.885624],[16.037616,45.886127],[16.037491,45.886658],[16.037417,45.886782],[16.037364,45.887048],[16.037271,45.887439],[16.03787,45.88735],[16.037834,45.887521],[16.038132,45.887583],[16.038157,45.887525],[16.038341,45.887526],[16.038663,45.887573],[16.038504,45.888079],[16.038585,45.888062],[16.038761,45.888093],[16.03921,45.888052],[16.039193,45.888112],[16.03938,45.888118],[16.039629,45.88816],[16.039876,45.888253],[16.04,45.888071],[16.040545,45.888308],[16.040732,45.888081],[16.041026,45.888228],[16.041315,45.888298],[16.041356,45.888446],[16.0417,45.889062],[16.041728,45.889482],[16.041466,45.889761],[16.041278,45.889882],[16.041367,45.890175],[16.040919,45.890248],[16.040488,45.890316],[16.03999,45.890232],[16.039762,45.890366],[16.039034,45.890552],[16.03874,45.890582],[16.038582,45.890641],[16.038697,45.890832],[16.038709,45.891695],[16.039171,45.891826],[16.039003,45.891997],[16.038451,45.892107],[16.03826,45.892391],[16.03937,45.892767],[16.039246,45.893005],[16.03991,45.893318],[16.040241,45.893376],[16.040327,45.89347],[16.041013,45.893458],[16.041021,45.893553],[16.041125,45.893675],[16.041639,45.894106],[16.042038,45.894387],[16.042479,45.894538],[16.042616,45.894672],[16.042534,45.895179],[16.042574,45.895463],[16.042546,45.89565],[16.042447,45.896062],[16.042653,45.896483],[16.042758,45.896791],[16.042585,45.897474],[16.042717,45.897954],[16.042618,45.898361],[16.042479,45.899149],[16.042877,45.899577],[16.042954,45.899692],[16.042972,45.899772],[16.042902,45.900025],[16.042484,45.900707],[16.04231,45.900893],[16.041889,45.901224],[16.041624,45.901448],[16.04155,45.901558],[16.041573,45.90185],[16.041587,45.902289],[16.041677,45.902446],[16.042138,45.902948],[16.042499,45.903212],[16.043033,45.90377],[16.043195,45.904065],[16.043345,45.904405],[16.043358,45.904594],[16.04329,45.904783],[16.043013,45.90533],[16.042983,45.905464],[16.042971,45.905626],[16.042971,45.905856],[16.042976,45.906361],[16.043152,45.90665],[16.043175,45.906763],[16.043697,45.907062],[16.043977,45.907258],[16.044652,45.907832],[16.044909,45.908162],[16.045197,45.908337],[16.045446,45.908714],[16.045577,45.908824],[16.045788,45.90895],[16.046004,45.909023],[16.046224,45.909067],[16.046408,45.909073],[16.046648,45.909151],[16.046857,45.909291],[16.047035,45.909506],[16.04714,45.909777],[16.047369,45.910234],[16.047832,45.910979],[16.047993,45.911218],[16.048302,45.911493],[16.048723,45.911718],[16.049162,45.912295],[16.04934,45.912542],[16.049392,45.912684],[16.049385,45.913057],[16.049546,45.91306],[16.049353,45.914167],[16.049397,45.914423],[16.049469,45.914414],[16.050014,45.91475],[16.049545,45.915494],[16.049754,45.915806],[16.049558,45.916401],[16.049565,45.916558],[16.049296,45.916954],[16.049228,45.917195],[16.049307,45.917366],[16.049389,45.917625],[16.049064,45.918171],[16.048878,45.918491],[16.048844,45.91915],[16.04894,45.920409],[16.048994,45.920895],[16.049088,45.921104],[16.049344,45.921397],[16.050227,45.921877],[16.050176,45.922189],[16.049984,45.922927],[16.049951,45.923321],[16.050134,45.923811],[16.050205,45.924696],[16.050086,45.925208],[16.050279,45.925587],[16.050425,45.925969],[16.051129,45.926647],[16.05127,45.926807],[16.051314,45.926966],[16.051235,45.92722],[16.050998,45.927648],[16.050827,45.928185],[16.050358,45.928621],[16.050109,45.928744],[16.049632,45.928826],[16.049328,45.928952],[16.049051,45.929168],[16.048521,45.929298],[16.048102,45.929597],[16.047824,45.929896],[16.046888,45.931502],[16.046727,45.932028],[16.046767,45.932521],[16.046769,45.933595],[16.046351,45.934182],[16.04602,45.934469],[16.046007,45.93461],[16.046443,45.935324],[16.046916,45.935921],[16.047038,45.935952],[16.047218,45.935928],[16.047328,45.935957],[16.04766,45.936394],[16.047369,45.936751],[16.047313,45.937146],[16.047426,45.937673],[16.047655,45.937715],[16.048047,45.937534],[16.048642,45.937119],[16.048708,45.936935],[16.048981,45.936799],[16.049342,45.936769],[16.050434,45.936584],[16.050877,45.936659],[16.051428,45.937027],[16.051809,45.937443],[16.05261,45.93724],[16.05294,45.937239],[16.053406,45.93693],[16.05371,45.93625],[16.053973,45.935936],[16.054117,45.935847],[16.05479,45.935603],[16.055145,45.935213],[16.055462,45.934594],[16.055923,45.934315],[16.056837,45.934082],[16.056833,45.934245],[16.057284,45.934296],[16.058146,45.934102],[16.05845,45.933749],[16.058792,45.933625],[16.059085,45.933372],[16.059129,45.933075],[16.059825,45.933027],[16.060497,45.932815],[16.061191,45.932502],[16.0618,45.931708],[16.061802,45.931639],[16.061886,45.93145],[16.061807,45.931334],[16.06163,45.930963],[16.061611,45.930668],[16.061564,45.929766],[16.062128,45.929454],[16.062552,45.92907],[16.062735,45.928952],[16.063001,45.928606],[16.063528,45.928138],[16.063748,45.928016],[16.064074,45.92768],[16.064152,45.927407],[16.064067,45.927239],[16.064104,45.926594],[16.064229,45.926478],[16.064577,45.926467],[16.065023,45.926432],[16.0653,45.926595],[16.065509,45.926592],[16.065786,45.926685],[16.066099,45.926606],[16.066574,45.926705],[16.067151,45.926687],[16.067909,45.926373],[16.067948,45.926339],[16.068037,45.926086],[16.068024,45.925636],[16.06788,45.925394],[16.067948,45.924964],[16.068217,45.924426],[16.068216,45.9243],[16.067993,45.923585],[16.067952,45.923274],[16.067751,45.922882],[16.06759,45.922468],[16.067857,45.922167],[16.068612,45.92167],[16.069039,45.921611],[16.070057,45.921522],[16.070553,45.921517],[16.070775,45.921428],[16.070909,45.92127],[16.070961,45.921137],[16.071057,45.921133],[16.071506,45.920695],[16.071967,45.920442],[16.072001,45.920308],[16.072248,45.920031],[16.072538,45.919908],[16.073074,45.919797],[16.073797,45.919979],[16.074009,45.919939],[16.074553,45.919909],[16.075176,45.919823],[16.076318,45.920097],[16.077201,45.920413],[16.077479,45.920405],[16.078861,45.920702],[16.079418,45.920705],[16.079718,45.920753],[16.080058,45.920895],[16.080133,45.920891],[16.080004,45.920704],[16.079703,45.920534],[16.079476,45.920308],[16.07948,45.920183],[16.079546,45.920117],[16.079164,45.919968],[16.078723,45.919972],[16.078678,45.920037],[16.078529,45.920028],[16.0783,45.919922],[16.078001,45.919871],[16.077662,45.919792],[16.077518,45.919856],[16.077072,45.919817],[16.076817,45.919764],[16.076449,45.919647],[16.076259,45.919529],[16.076061,45.9193],[16.07588,45.919055],[16.075661,45.918581],[16.075356,45.918001],[16.07485,45.917305],[16.074644,45.917197],[16.074461,45.916913],[16.074056,45.916705],[16.073909,45.916377],[16.073762,45.916109],[16.073777,45.915982],[16.073632,45.915758],[16.073516,45.915436],[16.073475,45.915212],[16.07339,45.91487],[16.07329,45.914423],[16.073285,45.914242],[16.073347,45.914084],[16.073304,45.913765],[16.073347,45.913545],[16.073423,45.912841],[16.073516,45.912601],[16.073345,45.912214],[16.073265,45.911724],[16.073268,45.911454],[16.0732,45.911035],[16.073238,45.910737],[16.073178,45.91043],[16.073145,45.910132],[16.073128,45.909492],[16.073125,45.909144],[16.07313,45.908955],[16.073182,45.908617],[16.073194,45.908456],[16.073144,45.908063],[16.073201,45.907481],[16.073177,45.907181],[16.073105,45.906843],[16.072963,45.906593],[16.072456,45.906095],[16.072193,45.905726],[16.072158,45.90542],[16.072087,45.905102],[16.071779,45.904781],[16.07153,45.904521],[16.071157,45.904251],[16.070694,45.904024],[16.070361,45.90374],[16.070048,45.903339],[16.069969,45.903131],[16.070232,45.902451],[16.070372,45.902018],[16.070733,45.901508],[16.070818,45.901424],[16.071335,45.901182],[16.07176,45.900907],[16.072149,45.900703],[16.07259,45.900573],[16.072909,45.900538],[16.072918,45.900395],[16.072581,45.900237],[16.072104,45.900085],[16.072192,45.899436],[16.072173,45.899266],[16.072143,45.899192],[16.07188,45.899218],[16.071794,45.898968],[16.071494,45.898585],[16.071161,45.897456],[16.071096,45.897415],[16.071057,45.897242],[16.070805,45.89713],[16.070788,45.896959],[16.070411,45.896705],[16.070027,45.896421],[16.069482,45.896185],[16.069713,45.895919],[16.06982,45.89575],[16.069881,45.895579],[16.069906,45.895336],[16.069927,45.895233],[16.070274,45.894821],[16.070281,45.894726],[16.070333,45.894636],[16.070454,45.894528],[16.07053,45.89447],[16.070887,45.893903],[16.071075,45.893462],[16.071178,45.893191],[16.071257,45.892817],[16.071317,45.892466],[16.071685,45.892206],[16.071808,45.891931],[16.071938,45.891795],[16.07232,45.891595],[16.072692,45.891484],[16.073409,45.891162],[16.074238,45.891087],[16.075098,45.890887],[16.075791,45.890618],[16.076762,45.89045],[16.076903,45.890374],[16.077091,45.890076],[16.077186,45.890021],[16.07835,45.889761],[16.079028,45.889606],[16.079392,45.889488],[16.080557,45.889003],[16.081398,45.888327],[16.082034,45.888122],[16.082436,45.887754],[16.082487,45.887242],[16.082427,45.887102],[16.082445,45.886905],[16.082582,45.886668],[16.082703,45.886357],[16.083012,45.886185],[16.083019,45.885984],[16.083102,45.885823],[16.083127,45.88564],[16.082946,45.885345],[16.082912,45.885192],[16.083045,45.884897],[16.083085,45.884631],[16.083048,45.883931],[16.083011,45.88378],[16.082915,45.883505],[16.082882,45.883409],[16.0829,45.883079],[16.08298,45.882933],[16.083268,45.882758],[16.083471,45.882394],[16.083259,45.882117],[16.083254,45.881951],[16.083548,45.881676],[16.084053,45.881354],[16.08431,45.881175],[16.084406,45.881068],[16.084647,45.880679],[16.084711,45.880692],[16.085128,45.880502],[16.085368,45.880299],[16.085374,45.88022],[16.085328,45.880104],[16.085337,45.879675],[16.085315,45.879653],[16.085831,45.879195],[16.086207,45.878773],[16.086691,45.878388],[16.086881,45.878219],[16.087233,45.877848],[16.087478,45.877715],[16.087947,45.877376],[16.088205,45.877232],[16.088819,45.877044],[16.089466,45.876914],[16.089805,45.876905],[16.090143,45.876831],[16.091256,45.87635],[16.09154,45.876289],[16.091676,45.876181],[16.091961,45.875838],[16.092165,45.875638],[16.092456,45.875431],[16.092854,45.874909],[16.092982,45.874775],[16.093176,45.874223],[16.093233,45.87423],[16.093294,45.874147],[16.093387,45.874073],[16.093578,45.874017],[16.093842,45.874031],[16.094059,45.873986],[16.094216,45.873911],[16.094201,45.873891],[16.094339,45.873788],[16.094588,45.873399],[16.094722,45.87322],[16.094881,45.873036],[16.095006,45.872803],[16.095132,45.872404],[16.095253,45.872486],[16.095667,45.872326],[16.095726,45.871945],[16.095707,45.871803],[16.095761,45.871628],[16.095726,45.871099],[16.095921,45.870479],[16.095898,45.870348],[16.096042,45.870093],[16.095965,45.869965],[16.095864,45.869869],[16.095827,45.869836],[16.095565,45.869833],[16.094898,45.869654],[16.09368,45.86946],[16.092565,45.869401],[16.092264,45.869165],[16.09187,45.869292],[16.090437,45.869324],[16.08931,45.869039],[16.089019,45.869],[16.088736,45.868979],[16.088558,45.868979],[16.088326,45.869003],[16.088103,45.869035],[16.087768,45.8691],[16.087594,45.869126],[16.087366,45.869145],[16.087226,45.869128],[16.085841,45.868721],[16.08557,45.868682],[16.085387,45.868667],[16.084528,45.868688],[16.084119,45.868567],[16.083867,45.868443],[16.083132,45.867913],[16.082741,45.867444],[16.08254,45.86716],[16.082338,45.86678],[16.082156,45.866337],[16.081956,45.866156],[16.081807,45.865911],[16.081772,45.865852],[16.081642,45.865375],[16.081725,45.86485],[16.081779,45.864899],[16.081886,45.86478],[16.081972,45.864711],[16.082053,45.864659],[16.082309,45.864548],[16.082588,45.864461],[16.08296,45.864322],[16.083142,45.864183],[16.083487,45.863892],[16.083524,45.863858],[16.083555,45.86379],[16.083539,45.863573],[16.083461,45.863264],[16.083488,45.863133],[16.083516,45.8631],[16.083606,45.863019],[16.083768,45.862971],[16.083996,45.862837],[16.084052,45.862827],[16.084276,45.862715],[16.08455,45.862355],[16.084655,45.862199],[16.084831,45.861836],[16.085005,45.861629],[16.085238,45.861286],[16.085375,45.861168],[16.085737,45.861023],[16.086482,45.860839],[16.086685,45.860763],[16.087102,45.860599],[16.087454,45.860563],[16.087765,45.860635],[16.088019,45.860728],[16.088274,45.860821],[16.088388,45.860846],[16.088679,45.860849],[16.089531,45.860925],[16.0904,45.860816],[16.090742,45.860845],[16.09116,45.860842],[16.091584,45.860717],[16.091952,45.860672],[16.092254,45.86068],[16.092723,45.860724],[16.093005,45.86076],[16.093158,45.860754],[16.093329,45.860722],[16.093564,45.860639],[16.093752,45.86052],[16.093793,45.860384],[16.093896,45.860249],[16.094151,45.859959],[16.094292,45.85983],[16.094963,45.859423],[16.095101,45.859304],[16.09516,45.859153],[16.095179,45.859022],[16.095229,45.858947],[16.095504,45.858745],[16.095731,45.858588],[16.095824,45.85843],[16.096005,45.858363],[16.096432,45.858011],[16.096403,45.857993],[16.096839,45.857227],[16.096903,45.856933],[16.096853,45.856541],[16.096903,45.856269],[16.097012,45.85598],[16.097275,45.855546],[16.097477,45.855282],[16.097448,45.855014],[16.097429,45.854757],[16.097414,45.854634],[16.097342,45.854493],[16.097361,45.854316],[16.097326,45.854176],[16.097332,45.85403],[16.097313,45.853915],[16.097243,45.853691],[16.09712,45.853388],[16.096999,45.853112],[16.096736,45.85269],[16.096725,45.852642],[16.096746,45.852561],[16.096792,45.852499],[16.096926,45.852444],[16.097223,45.852382],[16.097288,45.85235],[16.097317,45.852304],[16.097331,45.852188],[16.097396,45.852069],[16.097408,45.851735],[16.09738,45.851498],[16.097415,45.851317],[16.097434,45.851174],[16.097392,45.850963],[16.097439,45.850779],[16.097603,45.850525],[16.097807,45.850159],[16.09782,45.850063],[16.0978,45.849961],[16.097738,45.849835],[16.097732,45.84978],[16.097759,45.849727],[16.097936,45.849582],[16.097981,45.84952],[16.097981,45.84938],[16.098027,45.849251],[16.098143,45.849164],[16.098402,45.848964],[16.098566,45.848791],[16.098631,45.848675],[16.098695,45.848507],[16.098739,45.848451],[16.098882,45.848382],[16.099142,45.848258],[16.099313,45.848118],[16.099416,45.848037],[16.099677,45.84797],[16.099868,45.84793],[16.099952,45.847871],[16.099974,45.8478],[16.099968,45.8477],[16.099925,45.847596],[16.099867,45.847493],[16.099759,45.847426],[16.099564,45.847311],[16.099409,45.847185],[16.099214,45.847073],[16.098874,45.84687],[16.098651,45.846709],[16.098532,45.846632],[16.098274,45.846505],[16.098103,45.846294],[16.097774,45.84585],[16.09776,45.845832],[16.097716,45.845817],[16.097652,45.845816],[16.097621,45.845795],[16.097585,45.845733],[16.097498,45.845733],[16.097433,45.845748],[16.097394,45.845769],[16.097379,45.845797],[16.09739,45.845831],[16.096806,45.845696],[16.096468,45.845641],[16.096258,45.845568],[16.095969,45.845549],[16.095588,45.845445],[16.095339,45.845322],[16.094651,45.845095],[16.094062,45.844835],[16.093984,45.844831],[16.093789,45.84462],[16.093421,45.844393],[16.093183,45.84431],[16.092715,45.844238],[16.092326,45.844172],[16.092175,45.84412],[16.091928,45.844096],[16.091758,45.844123],[16.09154,45.844229],[16.091406,45.844259],[16.091216,45.844284],[16.090895,45.844306],[16.090287,45.844347],[16.089414,45.844016],[16.088905,45.843909],[16.088112,45.843619],[16.08756,45.843377],[16.087434,45.843339],[16.087298,45.84343],[16.087128,45.843639],[16.08681,45.84332],[16.086735,45.843219],[16.086712,45.843072],[16.086334,45.842741],[16.085521,45.842453],[16.085195,45.842395],[16.084959,45.842379],[16.084201,45.842293],[16.083758,45.842259],[16.083517,45.842289],[16.083401,45.842273],[16.082913,45.842122],[16.082536,45.842096],[16.081619,45.842162],[16.080864,45.842429],[16.08071,45.842567],[16.080611,45.842535],[16.0805,45.842533],[16.080113,45.842589],[16.079972,45.842623],[16.079899,45.842719],[16.079762,45.842836],[16.079672,45.842913],[16.079611,45.842876],[16.079507,45.84284],[16.07965,45.842764],[16.079752,45.842708],[16.079773,45.84266],[16.07972,45.842604],[16.079642,45.842605],[16.079415,45.842237],[16.079378,45.842146],[16.079404,45.842109],[16.079323,45.841966],[16.079224,45.841987],[16.079211,45.841871],[16.07917,45.841813],[16.079058,45.841763],[16.07911,45.841674],[16.079035,45.841626],[16.079081,45.841571],[16.079092,45.841447],[16.07895,45.841287],[16.078845,45.841211],[16.078807,45.840943],[16.078864,45.840858],[16.078908,45.840676],[16.078889,45.840389],[16.078844,45.839874],[16.078804,45.839688],[16.078818,45.839326],[16.078745,45.838987],[16.078566,45.838537],[16.078006,45.837741],[16.077706,45.837276],[16.077405,45.836985],[16.077289,45.836752],[16.077289,45.836725],[16.077439,45.836726],[16.077582,45.836683],[16.077686,45.836629],[16.077814,45.836592],[16.078254,45.836364],[16.078533,45.836319],[16.078817,45.836222],[16.079222,45.836086],[16.079381,45.835976],[16.079527,45.835824],[16.079899,45.835617],[16.079968,45.835627],[16.080099,45.8356],[16.080162,45.835532],[16.080263,45.835453],[16.080396,45.835379],[16.080563,45.835341],[16.080692,45.835333],[16.081035,45.835303],[16.081431,45.835026],[16.081611,45.834942],[16.081728,45.834944],[16.082283,45.834876],[16.082563,45.834781],[16.08272,45.834777],[16.08284,45.834802],[16.082935,45.834663],[16.083074,45.83451],[16.083233,45.834289],[16.083359,45.834229],[16.083566,45.834143],[16.083691,45.834102],[16.083775,45.834041],[16.083881,45.834023],[16.083993,45.834037],[16.084146,45.834026],[16.084395,45.834058],[16.084467,45.834048],[16.084092,45.833175],[16.084253,45.833145],[16.084208,45.832855],[16.08293,45.829584],[16.082755,45.8296],[16.083039,45.829081],[16.0824,45.828704],[16.082392,45.828743],[16.082354,45.828775],[16.08229,45.828782],[16.082219,45.828746],[16.081912,45.829079],[16.081784,45.829106],[16.081492,45.829298],[16.081407,45.829226],[16.081184,45.82703],[16.08086,45.827073],[16.080863,45.827097],[16.080086,45.827186],[16.080093,45.827221],[16.079893,45.827246],[16.079842,45.827223],[16.07982,45.827216],[16.079787,45.827212],[16.079753,45.827213],[16.078842,45.827351],[16.078818,45.827358],[16.078804,45.827368],[16.078794,45.827378],[16.076652,45.827863],[16.076428,45.8279],[16.076452,45.827775],[16.076386,45.827765],[16.07634,45.827672],[16.076174,45.8277],[16.075983,45.827712],[16.075975,45.827695],[16.075648,45.827751],[16.075436,45.827771],[16.073974,45.82795],[16.073973,45.82797],[16.07396,45.82799],[16.073937,45.828006],[16.0739,45.828018],[16.069936,45.828504],[16.069712,45.828504],[16.069377,45.828543],[16.069231,45.828574],[16.069131,45.828602],[16.068628,45.828625],[16.067673,45.828684],[16.065638,45.828619],[16.065238,45.828618],[16.064287,45.828627],[16.063905,45.828644],[16.063652,45.828623],[16.063282,45.82865],[16.063042,45.828712],[16.062722,45.828746],[16.06251,45.828773],[16.062513,45.82879],[16.061856,45.828885],[16.061699,45.828904],[16.059691,45.829267],[16.058748,45.829426],[16.058523,45.829479],[16.058456,45.829493],[16.058378,45.829507],[16.058059,45.82955],[16.057786,45.829568],[16.057784,45.8296],[16.057608,45.829607],[16.057607,45.829592],[16.057213,45.829575],[16.056463,45.829519],[16.05646,45.829534],[16.05604,45.829516],[16.055575,45.829455],[16.054865,45.829339],[16.054026,45.829151],[16.053453,45.829022],[16.053062,45.828932],[16.052659,45.828818],[16.052085,45.828657],[16.050872,45.828258],[16.050024,45.827981],[16.049831,45.82791],[16.048933,45.827619],[16.048912,45.827599],[16.048531,45.827451],[16.048437,45.827453],[16.047307,45.827083],[16.045955,45.826609],[16.045378,45.826406],[16.045386,45.826393],[16.044627,45.826111],[16.044496,45.826076],[16.044496,45.826054],[16.043298,45.825643],[16.042701,45.825465],[16.042225,45.82534],[16.041017,45.825027],[16.040914,45.825013],[16.040496,45.824898],[16.040418,45.824888],[16.039133,45.824542],[16.039178,45.824468],[16.038609,45.824341],[16.038705,45.824138],[16.038169,45.824016],[16.038123,45.824113],[16.037794,45.824271],[16.036531,45.823993],[16.035478,45.823766],[16.035394,45.823957],[16.035383,45.824568],[16.035334,45.825496],[16.035244,45.825883],[16.035151,45.826363],[16.035082,45.826807],[16.035009,45.827211],[16.03491,45.827618],[16.034814,45.827998],[16.034584,45.828713],[16.034376,45.829296],[16.034027,45.830159],[16.033757,45.830805],[16.033574,45.831254],[16.03335,45.831856],[16.033164,45.832434],[16.032993,45.833138],[16.03291,45.833533],[16.032829,45.8342],[16.032698,45.835785],[16.032654,45.836297],[16.032608,45.836703],[16.032574,45.836942],[16.032522,45.837155],[16.032429,45.837425],[16.032298,45.837766],[16.032161,45.838025],[16.031978,45.838304],[16.031751,45.838588],[16.031493,45.838827],[16.03086,45.839369],[16.030407,45.83968],[16.029954,45.839914],[16.029538,45.840107],[16.028907,45.840353],[16.028911,45.84051],[16.028867,45.840673],[16.028632,45.841078],[16.028754,45.84109],[16.028597,45.841352],[16.028483,45.841568],[16.028462,45.841657],[16.02846,45.841804],[16.028474,45.841942],[16.02859,45.842423],[16.028689,45.842923],[16.028776,45.843415],[16.028792,45.843507],[16.028854,45.843989],[16.028865,45.844321],[16.028835,45.844521],[16.028732,45.84475],[16.028426,45.845315],[16.028637,45.845366],[16.028743,45.845305],[16.029189,45.845383],[16.029105,45.845422],[16.02909,45.845471],[16.029082,45.845587],[16.029068,45.84572],[16.029016,45.845971],[16.029045,45.846146],[16.02908,45.84646],[16.029111,45.8468],[16.029198,45.846948],[16.029421,45.84718],[16.029639,45.847425],[16.029709,45.848141],[16.029786,45.848629],[16.029536,45.849017],[16.029393,45.849245],[16.029188,45.849568],[16.029068,45.849839],[16.029076,45.849977],[16.028803,45.850085],[16.028709,45.850213],[16.028593,45.850309],[16.028446,45.850593],[16.028177,45.850909],[16.02799,45.851119],[16.027763,45.851337],[16.027471,45.851868],[16.027279,45.852264],[16.026956,45.853156],[16.026891,45.853277],[16.026781,45.853427],[16.02629,45.853884],[16.026235,45.853982],[16.026154,45.854209],[16.026077,45.854297],[16.025931,45.854448],[16.025706,45.854829],[16.025689,45.854925],[16.02573,45.85505],[16.025894,45.855368],[16.02591,45.855475],[16.025923,45.855663],[16.026013,45.855827],[16.026148,45.85592],[16.025986,45.856075],[16.025973,45.856146],[16.026068,45.856397],[16.02613,45.856421],[16.026203,45.856436],[16.026251,45.856454],[16.026281,45.85647],[16.026295,45.856495],[16.026274,45.85652],[16.026182,45.856536],[16.026028,45.856657],[16.02586,45.856759],[16.025835,45.856817],[16.02586,45.856884],[16.025989,45.85696],[16.025863,45.857216],[16.025867,45.857378],[16.025566,45.857633],[16.025373,45.857888],[16.025121,45.858276],[16.024979,45.858494],[16.024939,45.858663],[16.024657,45.859081],[16.024711,45.859174],[16.024532,45.859624],[16.024344,45.859818],[16.024181,45.860169],[16.024193,45.860262],[16.024619,45.860489],[16.024618,45.860655],[16.024873,45.860657],[16.025015,45.860755],[16.025155,45.861316],[16.025412,45.861553],[16.025544,45.861731],[16.025688,45.861773],[16.025748,45.8619],[16.025712,45.862079],[16.026195,45.863167],[16.026176,45.86353],[16.02584,45.863847],[16.025838,45.864052],[16.025806,45.864421],[16.025882,45.864513],[16.025718,45.864592],[16.025692,45.864633],[16.025836,45.864846],[16.025817,45.865195],[16.025715,45.865429],[16.025944,45.865633],[16.026219,45.865883],[16.026186,45.866008],[16.02623,45.866215],[16.026781,45.866661],[16.02702,45.867192],[16.027114,45.867969]]]]}},{"type":"Feature","properties":{"city":"Zagreb","name":"Gornji grad - Medveščak","osm_relation":2639024},"geometry":{"type":"MultiPolygon","coordinates":[[[[15.953096,45.844355],[15.953673,45.844228],[15.954315,45.844369],[15.954326,45.844079],[15.954388,45.84346],[15.954688,45.842963],[15.954952,45.842341],[15.954913,45.842071],[15.954782,45.841806],[15.955512,45.840744],[15.955624,45.839865],[15.955614,45.839495],[15.955832,45.839093],[15.956292,45.838847],[15.956406,45.838573],[15.95642,45.83833],[15.955815,45.83763],[15.955487,45.836884],[15.955368,45.836337],[15.955494,45.835765],[15.955876,45.834829],[15.956022,45.833822],[15.956375,45.832176],[15.956817,45.830657],[15.956637,45.830114],[15.956673,45.829627],[15.956897,45.829495],[15.957424,45.828937],[15.957311,45.828784],[15.957989,45.828166],[15.95815,45.827867],[15.958052,45.827798],[15.958048,45.827656],[15.958236,45.827591],[15.958319,45.827639],[15.95837,45.827487],[15.958658,45.827282],[15.958707,45.827302],[15.958918,45.827201],[15.958775,45.82704],[15.959017,45.826985],[15.959058,45.826947],[15.959039,45.826857],[15.958979,45.82657],[15.958909,45.826467],[15.958961,45.826356],[15.958905,45.826179],[15.959033,45.826159],[15.958985,45.826012],[15.95908,45.825796],[15.959374,45.825813],[15.95929,45.825757],[15.959295,45.825669],[15.959367,45.825517],[15.959403,45.825339],[15.959283,45.825173],[15.959123,45.825114],[15.959078,45.825015],[15.959101,45.824913],[15.959159,45.824848],[15.959045,45.824695],[15.95903,45.824516],[15.959062,45.824441],[15.9588,45.824222],[15.958668,45.824057],[15.958701,45.823996],[15.958847,45.823902],[15.958697,45.823798],[15.958672,45.823666],[15.958223,45.823366],[15.95825,45.823313],[15.957873,45.822979],[15.957776,45.822853],[15.957623,45.822759],[15.957464,45.822699],[15.957194,45.822525],[15.956988,45.822337],[15.956766,45.822196],[15.956567,45.822091],[15.956652,45.822087],[15.956486,45.821306],[15.956364,45.821211],[15.956272,45.820959],[15.956703,45.820937],[15.956657,45.820817],[15.956633,45.820698],[15.95669,45.820694],[15.956716,45.82049],[15.956543,45.820504],[15.95647,45.820287],[15.956153,45.819292],[15.955971,45.818875],[15.955873,45.818599],[15.955596,45.817835],[15.955589,45.817719],[15.955648,45.817481],[15.955176,45.817511],[15.955047,45.817302],[15.95491,45.817042],[15.954634,45.816466],[15.954593,45.816342],[15.95458,45.816226],[15.954638,45.816014],[15.954782,45.815674],[15.954809,45.8156],[15.954827,45.815524],[15.954823,45.815469],[15.954793,45.81536],[15.954773,45.815314],[15.954731,45.815266],[15.954643,45.815211],[15.954547,45.815164],[15.954472,45.815139],[15.954399,45.815123],[15.954573,45.814924],[15.954818,45.815054],[15.954988,45.814868],[15.955292,45.814588],[15.955149,45.814491],[15.955281,45.814409],[15.955372,45.814466],[15.955498,45.814384],[15.955742,45.814196],[15.955706,45.814164],[15.955823,45.814094],[15.955794,45.814033],[15.955869,45.813985],[15.956061,45.813927],[15.955973,45.813777],[15.955975,45.813709],[15.956242,45.813757],[15.956232,45.813794],[15.956309,45.813804],[15.956323,45.813765],[15.956326,45.813736],[15.956371,45.81373],[15.956348,45.81363],[15.956316,45.813633],[15.956348,45.813427],[15.956075,45.813391],[15.956122,45.813232],[15.95615,45.813219],[15.9566,45.813253],[15.957213,45.813247],[15.95768,45.813226],[15.958656,45.813182],[15.95884,45.813193],[15.958859,45.813172],[15.959237,45.81313],[15.959802,45.813049],[15.962156,45.812553],[15.963164,45.81236],[15.963465,45.812331],[15.963724,45.812342],[15.963865,45.812366],[15.96403,45.812399],[15.964431,45.812503],[15.964601,45.812548],[15.965502,45.812783],[15.966114,45.81294],[15.96679,45.813082],[15.966831,45.812989],[15.967336,45.813076],[15.967962,45.81315],[15.968602,45.81319],[15.969525,45.813215],[15.969827,45.813234],[15.970471,45.813203],[15.970682,45.813191],[15.971869,45.813139],[15.971904,45.81313],[15.97212,45.813129],[15.973119,45.813102],[15.97386,45.813032],[15.974364,45.813012],[15.97461,45.812994],[15.975346,45.81299],[15.975373,45.81297],[15.975853,45.812965],[15.976013,45.812952],[15.976328,45.812905],[15.976548,45.812812],[15.976886,45.812755],[15.977998,45.81257],[15.978732,45.812392],[15.978831,45.812342],[15.979208,45.812345],[15.979253,45.812353],[15.98157,45.812212],[15.983398,45.812105],[15.983254,45.813909],[15.983138,45.814048],[15.983461,45.814059],[15.983486,45.814034],[15.983842,45.813926],[15.983827,45.8139],[15.98402,45.813846],[15.984204,45.813805],[15.984512,45.813787],[15.985119,45.813809],[15.986283,45.813819],[15.987219,45.813852],[15.990749,45.814013],[15.990951,45.814017],[15.993243,45.814049],[15.993686,45.814109],[15.994309,45.814259],[15.995702,45.814658],[15.996187,45.814835],[15.99708,45.815133],[15.997261,45.815263],[15.99715,45.815455],[15.996824,45.816319],[15.996478,45.81718],[15.996492,45.817209],[15.99623,45.817501],[15.996214,45.81777],[15.996186,45.817904],[15.996098,45.818391],[15.996012,45.818699],[15.995946,45.818857],[15.995809,45.819124],[15.995442,45.819824],[15.995221,45.82023],[15.994832,45.821027],[15.994709,45.821408],[15.994436,45.822472],[15.994382,45.822641],[15.994337,45.822736],[15.994273,45.822869],[15.99414,45.823079],[15.993747,45.823609],[15.993348,45.824118],[15.993237,45.824283],[15.992767,45.825075],[15.992673,45.825278],[15.992654,45.825276],[15.992571,45.825481],[15.992546,45.825478],[15.992497,45.825603],[15.99239,45.825933],[15.991955,45.827282],[15.991592,45.828371],[15.991339,45.829196],[15.991181,45.8296],[15.991062,45.829835],[15.990827,45.830116],[15.990287,45.830667],[15.989993,45.830989],[15.98977,45.831304],[15.989451,45.831738],[15.989078,45.832278],[15.989042,45.832333],[15.989072,45.832394],[15.989082,45.832422],[15.989087,45.832446],[15.989042,45.832949],[15.989245,45.833069],[15.989363,45.833095],[15.989475,45.833067],[15.990069,45.832814],[15.990078,45.833015],[15.99034,45.832966],[15.990901,45.832826],[15.990834,45.832672],[15.991428,45.832639],[15.991513,45.832663],[15.991605,45.832682],[15.991696,45.832694],[15.991791,45.832692],[15.9932,45.832427],[15.993481,45.832391],[15.99406,45.833031],[15.994298,45.833186],[15.993866,45.833358],[15.993055,45.833914],[15.992811,45.834115],[15.991982,45.834562],[15.991781,45.834576],[15.991493,45.834837],[15.991516,45.834942],[15.991394,45.835066],[15.990888,45.835346],[15.990764,45.835467],[15.990599,45.835563],[15.990449,45.83562],[15.989953,45.835854],[15.98989,45.835973],[15.989565,45.836135],[15.989476,45.836153],[15.989582,45.836416],[15.989586,45.836599],[15.989481,45.836786],[15.989355,45.836998],[15.989339,45.837146],[15.988321,45.838236],[15.988562,45.838913],[15.988593,45.839778],[15.988647,45.840937],[15.988421,45.841647],[15.988234,45.841965],[15.988056,45.842267],[15.987123,45.843403],[15.986393,45.844248],[15.985803,45.845018],[15.98517,45.845406],[15.984171,45.845751],[15.983899,45.845878],[15.983805,45.846333],[15.984199,45.846533],[15.984835,45.846971],[15.984806,45.847749],[15.984951,45.847863],[15.985088,45.848247],[15.985434,45.848912],[15.985564,45.849193],[15.985561,45.849264],[15.985532,45.849335],[15.98542,45.849416],[15.985127,45.849523],[15.98502,45.849589],[15.984941,45.84968],[15.984893,45.849969],[15.984991,45.850418],[15.985075,45.850829],[15.985026,45.850925],[15.984952,45.851006],[15.984958,45.851164],[15.984978,45.851214],[15.985136,45.851292],[15.985259,45.851315],[15.985341,45.851319],[15.985375,45.851405],[15.98541,45.852016],[15.984544,45.85216],[15.984511,45.8523],[15.983492,45.852173],[15.98347,45.852251],[15.981731,45.852343],[15.980415,45.852597],[15.980229,45.852811],[15.979988,45.852938],[15.979953,45.852453],[15.97997,45.85235],[15.97999,45.852194],[15.980036,45.852062],[15.980129,45.851939],[15.980185,45.851856],[15.980212,45.851766],[15.980212,45.851654],[15.980086,45.851466],[15.979957,45.851289],[15.979928,45.8512],[15.979916,45.851097],[15.979947,45.850929],[15.979981,45.850787],[15.980062,45.85065],[15.980066,45.850574],[15.979255,45.850525],[15.979412,45.850342],[15.979543,45.850142],[15.979616,45.849974],[15.979699,45.849858],[15.979846,45.8497],[15.980057,45.849471],[15.980189,45.849304],[15.980144,45.849246],[15.980283,45.849191],[15.980347,45.849071],[15.978921,45.848834],[15.976965,45.848442],[15.976833,45.848431],[15.976846,45.84827],[15.976951,45.848118],[15.977042,45.847923],[15.977089,45.847756],[15.977144,45.847526],[15.977159,45.847403],[15.97705,45.846761],[15.97707,45.846503],[15.977077,45.846378],[15.97704,45.846123],[15.976743,45.844169],[15.976614,45.843745],[15.976533,45.843538],[15.976402,45.843365],[15.976179,45.842862],[15.975993,45.842459],[15.97582,45.842121],[15.975636,45.842052],[15.975532,45.842083],[15.975611,45.84228],[15.9756,45.842368],[15.975515,45.84247],[15.975495,45.842557],[15.97552,45.842617],[15.975088,45.842639],[15.974974,45.842557],[15.974867,45.842525],[15.974782,45.842574],[15.9744,45.842519],[15.974226,45.842405],[15.974192,45.842176],[15.973976,45.84251],[15.97377,45.842621],[15.973626,45.842789],[15.973393,45.843012],[15.973332,45.842837],[15.972925,45.843243],[15.972687,45.843144],[15.972824,45.842982],[15.97249,45.842875],[15.972513,45.842845],[15.972318,45.842776],[15.971882,45.842547],[15.971737,45.842673],[15.971209,45.84243],[15.971111,45.842389],[15.970796,45.842433],[15.970451,45.842596],[15.970414,45.842573],[15.970224,45.84266],[15.969812,45.842913],[15.969624,45.843043],[15.969587,45.843083],[15.969581,45.843157],[15.969589,45.843216],[15.969689,45.843208],[15.969719,45.843351],[15.969745,45.84335],[15.969975,45.843631],[15.970055,45.843875],[15.969971,45.843833],[15.969696,45.844133],[15.969743,45.84415],[15.969505,45.844396],[15.969265,45.844486],[15.969005,45.844326],[15.968875,45.844259],[15.96871,45.844219],[15.968515,45.843927],[15.968365,45.843861],[15.9681,45.843873],[15.967753,45.843975],[15.967968,45.844567],[15.967289,45.844645],[15.966906,45.844539],[15.966528,45.844536],[15.966532,45.844613],[15.966007,45.844615],[15.966015,45.844996],[15.965721,45.845004],[15.965672,45.84447],[15.965319,45.84447],[15.965337,45.844733],[15.964947,45.844774],[15.964966,45.844964],[15.965029,45.845029],[15.965067,45.845467],[15.964744,45.845483],[15.964406,45.845643],[15.964028,45.845739],[15.964007,45.84566],[15.963584,45.845697],[15.963151,45.845577],[15.963223,45.845551],[15.963088,45.845322],[15.962362,45.845462],[15.962404,45.845531],[15.962042,45.845563],[15.962075,45.84575],[15.960932,45.846089],[15.960569,45.846216],[15.959923,45.84514],[15.959718,45.845174],[15.958667,45.84557],[15.95836,45.845602],[15.958263,45.845622],[15.958011,45.845519],[15.957928,45.845561],[15.957753,45.84559],[15.957776,45.845676],[15.957455,45.845866],[15.957129,45.846005],[15.956174,45.846331],[15.955797,45.846441],[15.95582,45.846477],[15.955601,45.84657],[15.955437,45.846559],[15.955357,45.846562],[15.955189,45.846589],[15.955036,45.846626],[15.954726,45.84673],[15.954507,45.846801],[15.954243,45.846866],[15.953738,45.846959],[15.953514,45.84696],[15.953351,45.846943],[15.953159,45.846878],[15.953173,45.846855],[15.952944,45.846756],[15.95294,45.846634],[15.953057,45.846262],[15.953097,45.846056],[15.953182,45.845597],[15.953173,45.845525],[15.953112,45.845491],[15.953212,45.844846],[15.953096,45.844355]]]]}},{"type":"Feature","properties":{"city":"Zagreb","name":"Maksimir","osm_relation":2365257},"geometry":{"type":"MultiPolygon","coordinates":[[[[15.979988,45.852938],[15.980229,45.852811],[15.980415,45.852597],[15.981731,45.852343],[15.98347,45.852251],[15.983492,45.852173],[15.984511,45.8523],[15.984544,45.85216],[15.98541,45.852016],[15.985375,45.851405],[15.985341,45.851319],[15.985259,45.851315],[15.985136,45.851292],[15.984978,45.851214],[15.984958,45.851164],[15.984952,45.851006],[15.985026,45.850925],[15.985075,45.850829],[15.984991,45.850418],[15.984893,45.849969],[15.984941,45.84968],[15.98502,45.849589],[15.985127,45.849523],[15.98542,45.849416],[15.985532,45.849335],[15.985561,45.849264],[15.985564,45.849193],[15.985434,45.848912],[15.985088,45.848247],[15.984951,45.847863],[15.984806,45.847749],[15.984835,45.846971],[15.984199,45.846533],[15.983805,45.846333],[15.983899,45.845878],[15.984171,45.845751],[15.98517,45.845406],[15.985803,45.845018],[15.986393,45.844248],[15.987123,45.843403],[15.988056,45.842267],[15.988234,45.841965],[15.988421,45.841647],[15.988647,45.840937],[15.988593,45.839778],[15.988562,45.838913],[15.988321,45.838236],[15.989339,45.837146],[15.989355,45.836998],[15.989481,45.836786],[15.989586,45.836599],[15.989582,45.836416],[15.989476,45.836153],[15.989565,45.836135],[15.98989,45.835973],[15.989953,45.835854],[15.990449,45.83562],[15.990599,45.835563],[15.990764,45.835467],[15.990888,45.835346],[15.991394,45.835066],[15.991516,45.834942],[15.991493,45.834837],[15.991781,45.834576],[15.991982,45.834562],[15.992811,45.834115],[15.993055,45.833914],[15.993866,45.833358],[15.994298,45.833186],[15.99406,45.833031],[15.993481,45.832391],[15.9932,45.832427],[15.991791,45.832692],[15.991696,45.832694],[15.991605,45.832682],[15.991513,45.832663],[15.991428,45.832639],[15.990834,45.832672],[15.990901,45.832826],[15.99034,45.832966],[15.990078,45.833015],[15.990069,45.832814],[15.989475,45.833067],[15.989363,45.833095],[15.989245,45.833069],[15.989042,45.832949],[15.989087,45.832446],[15.989082,45.832422],[15.989072,45.832394],[15.989042,45.832333],[15.989078,45.832278],[15.989451,45.831738],[15.98977,45.831304],[15.989993,45.830989],[15.990287,45.830667],[15.990827,45.830116],[15.991062,45.829835],[15.991181,45.8296],[15.991339,45.829196],[15.991592,45.828371],[15.991955,45.827282],[15.99239,45.825933],[15.992497,45.825603],[15.992546,45.825478],[15.992571,45.825481],[15.992654,45.825276],[15.992673,45.825278],[15.992767,45.825075],[15.993237,45.824283],[15.993348,45.824118],[15.993747,45.823609],[15.99414,45.823079],[15.994273,45.822869],[15.994337,45.822736],[15.994382,45.822641],[15.994436,45.822472],[15.994709,45.821408],[15.994832,45.821027],[15.995221,45.82023],[15.995442,45.819824],[15.995809,45.819124],[15.995946,45.818857],[15.996012,45.818699],[15.996098,45.818391],[15.996186,45.817904],[15.996214,45.81777],[15.99623,45.817501],[15.996492,45.817209],[15.996478,45.81718],[15.996824,45.816319],[15.99715,45.815455],[15.997261,45.815263],[15.99708,45.815133],[15.996187,45.814835],[15.996496,45.814367],[15.996508,45.814349],[15.996508,45.814333],[15.996502,45.814318],[15.996423,45.814205],[15.996727,45.814081],[15.996794,45.814114],[15.996852,45.814134],[15.997246,45.814251],[15.997731,45.813824],[15.998456,45.813188],[15.999343,45.812391],[15.999946,45.811861],[15.99995,45.81185],[15.99995,45.811843],[15.999946,45.811836],[15.999939,45.81183],[16.000189,45.81162],[16.001103,45.811868],[16.001966,45.812136],[16.002394,45.812296],[16.003108,45.812552],[16.004641,45.813127],[16.005847,45.813602],[16.006511,45.813881],[16.008172,45.814646],[16.008403,45.814669],[16.008857,45.814867],[16.009058,45.814958],[16.009556,45.815107],[16.009702,45.815134],[16.009742,45.815033],[16.010355,45.815069],[16.010328,45.815232],[16.010584,45.815254],[16.01102,45.815286],[16.011768,45.815292],[16.011768,45.815349],[16.011998,45.815339],[16.012002,45.815269],[16.012056,45.815268],[16.012677,45.815248],[16.012865,45.81524],[16.012902,45.815223],[16.012913,45.8152],[16.013306,45.815162],[16.013317,45.815177],[16.013336,45.815188],[16.013356,45.815196],[16.013378,45.815198],[16.013862,45.815136],[16.014127,45.815133],[16.014747,45.815015],[16.014785,45.814977],[16.014778,45.814935],[16.015204,45.81485],[16.016488,45.814449],[16.01696,45.814263],[16.018052,45.813797],[16.018281,45.813703],[16.018774,45.813484],[16.018795,45.813463],[16.018806,45.813425],[16.018802,45.813389],[16.018783,45.813356],[16.018746,45.813331],[16.019007,45.813234],[16.019096,45.81321],[16.019137,45.813211],[16.019224,45.813229],[16.019366,45.813214],[16.019542,45.813172],[16.019748,45.813228],[16.019861,45.813361],[16.019912,45.813384],[16.02082,45.813586],[16.021123,45.813674],[16.022698,45.813983],[16.02402,45.814215],[16.027499,45.814787],[16.027663,45.814842],[16.028695,45.815024],[16.029848,45.815238],[16.034257,45.815983],[16.038757,45.816758],[16.03858,45.817294],[16.038407,45.817808],[16.038183,45.818284],[16.038037,45.818695],[16.038214,45.81874],[16.038171,45.818853],[16.038042,45.818831],[16.03796,45.819084],[16.037923,45.819077],[16.037353,45.820836],[16.037477,45.82086],[16.03742,45.821028],[16.037475,45.821038],[16.037426,45.821173],[16.037315,45.821153],[16.03713,45.821697],[16.036765,45.822833],[16.036796,45.822916],[16.036758,45.823086],[16.03692,45.823116],[16.036879,45.823246],[16.036769,45.823217],[16.036694,45.823225],[16.036657,45.823266],[16.03648,45.823867],[16.036521,45.823937],[16.036531,45.823993],[16.035478,45.823766],[16.035394,45.823957],[16.035383,45.824568],[16.035334,45.825496],[16.035244,45.825883],[16.035151,45.826363],[16.035082,45.826807],[16.035009,45.827211],[16.03491,45.827618],[16.034814,45.827998],[16.034584,45.828713],[16.034376,45.829296],[16.034027,45.830159],[16.033757,45.830805],[16.033574,45.831254],[16.03335,45.831856],[16.033164,45.832434],[16.032993,45.833138],[16.03291,45.833533],[16.032829,45.8342],[16.032698,45.835785],[16.032654,45.836297],[16.032608,45.836703],[16.032574,45.836942],[16.032522,45.837155],[16.032429,45.837425],[16.032298,45.837766],[16.032161,45.838025],[16.031978,45.838304],[16.031751,45.838588],[16.031493,45.838827],[16.03086,45.839369],[16.030407,45.83968],[16.029954,45.839914],[16.029538,45.840107],[16.028907,45.840353],[16.028911,45.84051],[16.028867,45.840673],[16.028632,45.841078],[16.028754,45.84109],[16.028597,45.841352],[16.028483,45.841568],[16.028462,45.841657],[16.02846,45.841804],[16.028474,45.841942],[16.028348,45.841955],[16.028338,45.841987],[16.028289,45.842028],[16.028152,45.842109],[16.02809,45.842116],[16.028057,45.842107],[16.028001,45.842085],[16.027966,45.842052],[16.027978,45.841615],[16.027893,45.841657],[16.026682,45.842705],[16.025879,45.842317],[16.023382,45.844346],[16.023314,45.844484],[16.023523,45.844875],[16.023497,45.845123],[16.023401,45.845156],[16.023144,45.845048],[16.023063,45.845302],[16.022973,45.845343],[16.022722,45.845191],[16.022589,45.845271],[16.022607,45.84536],[16.022403,45.845418],[16.022253,45.845502],[16.021957,45.845478],[16.021719,45.845674],[16.021511,45.845796],[16.021424,45.845914],[16.021362,45.846057],[16.021436,45.846143],[16.02133,45.846307],[16.021142,45.846229],[16.020949,45.846147],[16.02087,45.846277],[16.020823,45.846637],[16.020975,45.846639],[16.020975,45.846731],[16.020909,45.846841],[16.020657,45.846872],[16.020536,45.846976],[16.020369,45.84721],[16.020242,45.847327],[16.020471,45.847401],[16.020412,45.847468],[16.020293,45.847499],[16.020051,45.847437],[16.019964,45.847454],[16.019874,45.847681],[16.019966,45.847778],[16.019674,45.848122],[16.019558,45.848618],[16.019356,45.849383],[16.019077,45.849562],[16.018919,45.849542],[16.018669,45.850055],[16.018667,45.850347],[16.018783,45.850554],[16.018693,45.850746],[16.018488,45.850927],[16.018251,45.851045],[16.018406,45.851269],[16.018553,45.851535],[16.018511,45.851634],[16.01812,45.851941],[16.017967,45.852139],[16.017813,45.852271],[16.017669,45.852194],[16.017478,45.852036],[16.01719,45.852032],[16.016921,45.852276],[16.016848,45.852463],[16.015843,45.852778],[16.015748,45.852973],[16.015672,45.853242],[16.01545,45.853444],[16.015279,45.853786],[16.014886,45.853911],[16.014844,45.85374],[16.014458,45.853998],[16.014414,45.854135],[16.013706,45.854214],[16.013388,45.854316],[16.013185,45.854458],[16.012968,45.854731],[16.012847,45.855138],[16.012282,45.855728],[16.011555,45.856113],[16.011143,45.856192],[16.010817,45.856287],[16.01044,45.856545],[16.009985,45.856938],[16.010183,45.85722],[16.009907,45.857547],[16.009596,45.857675],[16.00944,45.8579],[16.009059,45.858194],[16.008305,45.858614],[16.006236,45.85789],[16.00576,45.858288],[16.005321,45.858788],[16.004608,45.859315],[16.004038,45.859675],[16.003914,45.859695],[16.002729,45.859115],[16.001623,45.858639],[16.001262,45.858515],[16.000931,45.858431],[16.000259,45.858168],[15.999923,45.858065],[15.999342,45.858007],[15.998931,45.85805],[15.998578,45.857897],[15.998573,45.857956],[15.99816,45.858529],[15.998007,45.858663],[15.997648,45.85895],[15.99748,45.859058],[15.997008,45.859477],[15.996394,45.860038],[15.996,45.860544],[15.995852,45.860496],[15.995787,45.860562],[15.995639,45.860506],[15.995352,45.860413],[15.994935,45.860308],[15.994854,45.860347],[15.994784,45.86033],[15.994188,45.859775],[15.993939,45.859626],[15.993599,45.859817],[15.993557,45.859801],[15.993542,45.859626],[15.993392,45.859462],[15.993283,45.859263],[15.993282,45.858926],[15.993144,45.858876],[15.993147,45.858842],[15.993149,45.858808],[15.993214,45.858663],[15.993294,45.858523],[15.993286,45.85846],[15.993264,45.858393],[15.993193,45.858328],[15.993113,45.858298],[15.993024,45.858245],[15.992866,45.85785],[15.992889,45.857779],[15.992696,45.857748],[15.992489,45.857747],[15.991944,45.857917],[15.991305,45.858231],[15.990983,45.8584],[15.990735,45.858491],[15.990645,45.858499],[15.990567,45.858488],[15.990243,45.858395],[15.989818,45.858356],[15.989641,45.858328],[15.988768,45.858096],[15.988613,45.858052],[15.988371,45.857933],[15.988242,45.857922],[15.98792,45.857827],[15.987672,45.857904],[15.987291,45.857922],[15.986921,45.85789],[15.986989,45.85829],[15.987046,45.858332],[15.986953,45.85859],[15.986894,45.858826],[15.986329,45.85878],[15.985741,45.858679],[15.985622,45.858898],[15.98426,45.858518],[15.984084,45.858473],[15.984095,45.858274],[15.983918,45.858277],[15.983592,45.85811],[15.98364,45.858061],[15.983428,45.857922],[15.982884,45.857684],[15.982626,45.857559],[15.982451,45.857428],[15.982,45.856969],[15.981783,45.85665],[15.981282,45.856117],[15.981119,45.85591],[15.98108,45.855767],[15.981067,45.855708],[15.980955,45.855638],[15.980926,45.855696],[15.980811,45.855608],[15.980432,45.855788],[15.980271,45.85519],[15.979896,45.853956],[15.979872,45.853833],[15.979907,45.853665],[15.979919,45.85342],[15.979987,45.853065],[15.979988,45.852938]]]]}},{"type":"Feature","properties":{"city":"Zagreb","name":"Novi Zagreb - istok","osm_relation":3173894},"geometry":{"type":"MultiPolygon","coordinates":[[[[15.979655,45.744842],[15.984562,45.748543],[15.984979,45.748682],[15.988071,45.750991],[15.984835,45.753285],[15.984356,45.753668],[15.985019,45.753659],[15.985018,45.753696],[15.985061,45.753723],[15.984389,45.754265],[15.98431,45.754556],[15.984281,45.754776],[15.984282,45.755037],[15.984305,45.75517],[15.98437,45.755384],[15.984455,45.755613],[15.984592,45.755861],[15.984715,45.756064],[15.984901,45.756286],[15.985105,45.756486],[15.985331,45.756658],[15.985519,45.756785],[15.98582,45.756956],[15.986104,45.757084],[15.986494,45.757233],[15.986873,45.757334],[15.987298,45.757408],[15.987695,45.757446],[15.988194,45.757454],[15.988542,45.757438],[15.989453,45.757368],[15.98957,45.757696],[15.989315,45.758065],[15.989473,45.758056],[15.989497,45.7583],[15.989498,45.758539],[15.98955,45.758579],[15.989605,45.758844],[15.989613,45.759067],[15.989602,45.759201],[15.989566,45.75931],[15.989497,45.759469],[15.98941,45.759626],[15.989327,45.759737],[15.989138,45.759921],[15.988845,45.76011],[15.988475,45.76026],[15.988352,45.760339],[15.988294,45.760345],[15.988201,45.760341],[15.987191,45.760551],[15.986527,45.760651],[15.986511,45.76067],[15.985656,45.760766],[15.985338,45.760767],[15.985339,45.760756],[15.985044,45.760762],[15.984557,45.760756],[15.983633,45.760766],[15.98257,45.760895],[15.982112,45.761146],[15.981848,45.76126],[15.981423,45.761579],[15.981187,45.76188],[15.981183,45.761925],[15.980994,45.762419],[15.980942,45.762613],[15.980897,45.763519],[15.980829,45.76481],[15.98081,45.764978],[15.980687,45.766189],[15.980675,45.766469],[15.980652,45.766558],[15.980616,45.76666],[15.980611,45.766744],[15.980541,45.76759],[15.980506,45.767946],[15.980488,45.768679],[15.980516,45.768778],[15.980495,45.769161],[15.980413,45.769251],[15.980399,45.76952],[15.980446,45.769522],[15.980446,45.769606],[15.980431,45.770178],[15.980403,45.77032],[15.980435,45.770372],[15.980416,45.770771],[15.980359,45.770955],[15.980298,45.770949],[15.980267,45.771507],[15.980614,45.771513],[15.980607,45.771875],[15.980957,45.771887],[15.980773,45.775277],[15.980974,45.775745],[15.980986,45.775957],[15.980913,45.775956],[15.980911,45.776088],[15.980939,45.776088],[15.980944,45.776197],[15.981023,45.776356],[15.980985,45.777111],[15.980995,45.777132],[15.981007,45.777146],[15.981035,45.777164],[15.981078,45.777171],[15.981146,45.777181],[15.98055,45.777169],[15.980529,45.77732],[15.980373,45.78015],[15.980182,45.78355],[15.980024,45.786523],[15.980002,45.787018],[15.980061,45.787016],[15.980094,45.787447],[15.979984,45.787451],[15.979912,45.787893],[15.979929,45.787943],[15.979876,45.788919],[15.982229,45.78882],[15.986169,45.788537],[15.986157,45.788477],[15.986479,45.788441],[15.986562,45.788529],[15.989381,45.78807],[15.991327,45.787686],[15.99183,45.787607],[15.992345,45.787402],[15.993665,45.787157],[15.993735,45.787075],[15.993808,45.787107],[15.993917,45.787071],[15.993961,45.786971],[15.994511,45.786871],[15.994517,45.786928],[15.994578,45.78691],[15.995109,45.786827],[15.996113,45.786565],[15.996334,45.786486],[15.996417,45.786572],[15.998706,45.785837],[16.001161,45.784979],[16.002743,45.784364],[16.002806,45.784339],[16.003331,45.784019],[16.005382,45.783016],[16.007189,45.781998],[16.008346,45.781297],[16.009542,45.780583],[16.011228,45.77938],[16.011852,45.778971],[16.012737,45.77839],[16.014108,45.777486],[16.016148,45.776116],[16.023043,45.771375],[16.025747,45.769572],[16.029505,45.767346],[16.032801,45.765332],[16.038766,45.761988],[16.038287,45.761385],[16.038311,45.760873],[16.037585,45.760347],[16.037041,45.759781],[16.037091,45.75938],[16.036626,45.757858],[16.036694,45.757583],[16.037352,45.756603],[16.037894,45.755653],[16.037901,45.755391],[16.038023,45.755026],[16.036337,45.754734],[16.035093,45.75482],[16.034865,45.754752],[16.034127,45.754891],[16.034221,45.755382],[16.033802,45.755474],[16.033598,45.755501],[16.033168,45.755479],[16.032728,45.755477],[16.03255,45.755458],[16.032171,45.755176],[16.031695,45.755043],[16.031171,45.754994],[16.029742,45.754863],[16.029238,45.754831],[16.028628,45.755036],[16.027574,45.755119],[16.026427,45.753856],[16.025336,45.754515],[16.025177,45.754483],[16.025324,45.754314],[16.025344,45.754222],[16.025345,45.753942],[16.025398,45.753755],[16.025435,45.753682],[16.025346,45.753438],[16.025302,45.753327],[16.024981,45.752853],[16.024796,45.752598],[16.024447,45.752255],[16.024376,45.752156],[16.024403,45.752134],[16.024268,45.752001],[16.023934,45.751717],[16.023583,45.751442],[16.023474,45.751385],[16.023378,45.751322],[16.023022,45.75113],[16.022783,45.75094],[16.022118,45.750461],[16.021352,45.749855],[16.02022,45.748737],[16.019468,45.748027],[16.018229,45.746443],[16.017043,45.744707],[16.016232,45.743749],[16.015938,45.74349],[16.016024,45.743439],[16.017168,45.743303],[16.01773,45.743177],[16.017891,45.743125],[16.018351,45.742888],[16.019282,45.742461],[16.019373,45.742392],[16.019422,45.74234],[16.01946,45.742296],[16.0195,45.742229],[16.019607,45.742054],[16.019731,45.741884],[16.019856,45.741695],[16.019941,45.74159],[16.019933,45.741251],[16.019794,45.741197],[16.019689,45.741157],[16.019567,45.741104],[16.019314,45.740998],[16.019263,45.740967],[16.01924,45.740927],[16.01922,45.740824],[16.019231,45.74067],[16.018886,45.740527],[16.018775,45.740459],[16.018298,45.740166],[16.0181,45.740006],[16.017975,45.739904],[16.017936,45.739862],[16.017592,45.739859],[16.017575,45.739817],[16.017549,45.739718],[16.017542,45.739639],[16.017606,45.739434],[16.017691,45.739371],[16.017748,45.739007],[16.01774,45.738844],[16.017683,45.738686],[16.017788,45.738638],[16.017894,45.738603],[16.018002,45.738571],[16.018345,45.738462],[16.01864,45.738355],[16.018833,45.738218],[16.018984,45.73802],[16.019153,45.73782],[16.019288,45.737732],[16.019362,45.737706],[16.019454,45.737711],[16.019519,45.737705],[16.019418,45.73757],[16.018688,45.737181],[16.018181,45.736742],[16.017711,45.736339],[16.017306,45.736012],[16.017011,45.73506],[16.01682,45.734391],[16.016753,45.733962],[16.01664,45.733638],[16.016383,45.733029],[16.016426,45.732875],[16.016344,45.732723],[16.013863,45.733492],[16.013185,45.733708],[16.012489,45.733981],[16.012058,45.734164],[16.011336,45.734508],[16.010758,45.734686],[16.009264,45.735165],[16.008933,45.735406],[16.009044,45.735539],[16.008374,45.736006],[16.008291,45.736119],[16.006522,45.737369],[16.004603,45.738755],[16.004442,45.738889],[16.004238,45.739006],[16.003804,45.739288],[16.00215,45.740485],[16.001675,45.740828],[16.000739,45.741496],[15.99969,45.741576],[15.999583,45.74125],[15.999422,45.740924],[15.999302,45.740711],[15.999287,45.740673],[15.999205,45.740548],[15.998961,45.7402],[15.99861,45.739729],[15.9983,45.739267],[15.998102,45.738905],[15.996852,45.739307],[15.995183,45.739839],[15.993697,45.74032],[15.992418,45.740725],[15.992238,45.74079],[15.990893,45.741218],[15.985518,45.742958],[15.982741,45.743832],[15.979655,45.744842]]]]}},{"type":"Feature","properties":{"city":"Zagreb","name":"Novi Zagreb - zapad","osm_relation":3173887},"geometry":{"type":"MultiPolygon","coordinates":[[[[15.82553,45.77512],[15.82565,45.775056],[15.826321,45.774576],[15.826841,45.774312],[15.827421,45.774156],[15.827969,45.774054],[15.829618,45.773835],[15.830272,45.773758],[15.830832,45.773708],[15.831098,45.773634],[15.831343,45.773531],[15.83146,45.773572],[15.832005,45.773567],[15.832668,45.773564],[15.833082,45.773482],[15.833637,45.773364],[15.833845,45.773299],[15.834778,45.773016],[15.835671,45.772718],[15.836127,45.772609],[15.83666,45.772327],[15.838822,45.771439],[15.841119,45.77056],[15.841695,45.770386],[15.841548,45.770085],[15.841201,45.769739],[15.840575,45.769177],[15.839279,45.7683],[15.83841,45.767818],[15.838643,45.767465],[15.838832,45.767243],[15.838936,45.76715],[15.839236,45.766893],[15.840845,45.765662],[15.844757,45.765047],[15.849173,45.764357],[15.852426,45.763814],[15.8552,45.764468],[15.858189,45.76517],[15.860368,45.765626],[15.860654,45.765656],[15.861409,45.76564],[15.86214,45.765582],[15.862773,45.765501],[15.863267,45.765419],[15.863914,45.76525],[15.864195,45.765194],[15.864628,45.765121],[15.864927,45.765096],[15.86523,45.765087],[15.865502,45.765065],[15.865698,45.764916],[15.865571,45.764809],[15.865073,45.763835],[15.865335,45.763746],[15.865184,45.763463],[15.865462,45.763375],[15.866281,45.763241],[15.865574,45.76156],[15.867071,45.761102],[15.867796,45.759522],[15.866984,45.759374],[15.867031,45.759224],[15.866639,45.757511],[15.866689,45.757202],[15.868053,45.757799],[15.868424,45.756705],[15.868965,45.757047],[15.869139,45.75668],[15.870125,45.757344],[15.871327,45.756466],[15.873147,45.7577],[15.874228,45.7573],[15.874364,45.757257],[15.876758,45.7564],[15.879361,45.75548],[15.879576,45.755608],[15.881374,45.754143],[15.881418,45.754168],[15.883189,45.75273],[15.884354,45.7518],[15.885403,45.750749],[15.885318,45.750671],[15.884958,45.750867],[15.883421,45.749235],[15.883511,45.74899],[15.882729,45.748029],[15.88233,45.747128],[15.881523,45.745983],[15.880566,45.744404],[15.880525,45.744372],[15.880374,45.743939],[15.879832,45.742938],[15.879308,45.741448],[15.878867,45.740415],[15.878585,45.739779],[15.877696,45.73875],[15.880296,45.739791],[15.880685,45.739574],[15.881527,45.739177],[15.882037,45.73903],[15.882344,45.738911],[15.883149,45.738466],[15.883597,45.738322],[15.883854,45.738284],[15.884991,45.73801],[15.885117,45.737955],[15.886267,45.739677],[15.887065,45.740576],[15.891363,45.738971],[15.892343,45.738445],[15.892974,45.738177],[15.896271,45.736795],[15.896211,45.737525],[15.897832,45.737322],[15.897837,45.737365],[15.897551,45.737888],[15.897632,45.737914],[15.897811,45.738428],[15.898158,45.738544],[15.897792,45.739077],[15.897869,45.739113],[15.897396,45.739661],[15.896471,45.740744],[15.896293,45.741123],[15.895835,45.741067],[15.894783,45.741105],[15.894739,45.74138],[15.89465,45.741778],[15.894619,45.742212],[15.894642,45.742388],[15.894694,45.742623],[15.89479,45.742975],[15.895238,45.743085],[15.895552,45.743232],[15.89594,45.743362],[15.896384,45.743456],[15.896468,45.743605],[15.896376,45.743746],[15.897163,45.744055],[15.897707,45.743633],[15.897905,45.743766],[15.898053,45.744043],[15.89934,45.743309],[15.89942,45.743319],[15.900418,45.744599],[15.90026,45.74467],[15.900368,45.744825],[15.900721,45.744715],[15.900856,45.744916],[15.901244,45.745568],[15.901418,45.745509],[15.901552,45.745809],[15.901587,45.746071],[15.901643,45.746575],[15.901661,45.746681],[15.901752,45.746898],[15.902202,45.747734],[15.902418,45.747675],[15.90317,45.74869],[15.903046,45.748719],[15.903969,45.74911],[15.904261,45.74924],[15.905043,45.749395],[15.905543,45.749273],[15.905513,45.74945],[15.906063,45.749692],[15.905843,45.749955],[15.905998,45.750516],[15.907128,45.750872],[15.907848,45.75121],[15.907782,45.751272],[15.907989,45.751285],[15.909069,45.751718],[15.90965,45.7514],[15.912285,45.75033],[15.912712,45.750153],[15.913146,45.750023],[15.915905,45.749166],[15.916484,45.748988],[15.917271,45.748865],[15.919582,45.745997],[15.92011,45.745366],[15.921435,45.743731],[15.923864,45.740743],[15.925398,45.738842],[15.929037,45.734418],[15.929685,45.733704],[15.931544,45.731833],[15.935142,45.728689],[15.938271,45.726295],[15.940395,45.724881],[15.943056,45.723298],[15.944957,45.722235],[15.945673,45.721872],[15.947813,45.720813],[15.949693,45.719958],[15.95184,45.719072],[15.953164,45.718542],[15.95479,45.717949],[15.956564,45.717335],[15.95912,45.716538],[15.961458,45.715874],[15.967211,45.714536],[15.973436,45.713051],[15.975958,45.712486],[15.975973,45.712429],[15.984387,45.710437],[15.984454,45.710535],[15.98448,45.710838],[15.984468,45.710955],[15.984499,45.711226],[15.985186,45.711617],[15.985351,45.711805],[15.98565,45.712241],[15.98623,45.712645],[15.98664,45.713107],[15.987231,45.713552],[15.987581,45.71361],[15.987603,45.713873],[15.987278,45.714244],[15.987754,45.714346],[15.987915,45.714444],[15.987649,45.714841],[15.987708,45.714979],[15.986415,45.715535],[15.98581,45.715815],[15.985542,45.715714],[15.985233,45.715599],[15.984983,45.71551],[15.984286,45.715947],[15.983686,45.716092],[15.983488,45.71623],[15.983406,45.716401],[15.983443,45.716565],[15.983418,45.716696],[15.983364,45.716824],[15.984141,45.717525],[15.984306,45.717472],[15.984839,45.717305],[15.985426,45.717235],[15.98561,45.717327],[15.985713,45.717498],[15.985817,45.717713],[15.985922,45.717878],[15.986109,45.718012],[15.986226,45.718063],[15.986284,45.718063],[15.986449,45.718024],[15.986638,45.717943],[15.986778,45.717738],[15.986954,45.717316],[15.9873,45.716904],[15.98796,45.716213],[15.988158,45.716175],[15.988366,45.716194],[15.988839,45.716543],[15.989139,45.716728],[15.989655,45.716809],[15.989963,45.716791],[15.990914,45.71653],[15.991383,45.716514],[15.99171,45.716562],[15.992231,45.716708],[15.992962,45.716982],[15.993297,45.71734],[15.99356,45.717512],[15.993891,45.717651],[15.994513,45.717759],[15.994709,45.717907],[15.994796,45.718138],[15.994967,45.718275],[15.995209,45.718282],[15.99542,45.718232],[15.995557,45.718019],[15.995742,45.717852],[15.995948,45.717769],[15.996252,45.717713],[15.996655,45.717699],[15.996778,45.717727],[15.996901,45.717802],[15.997196,45.718172],[15.997992,45.718846],[15.998512,45.719296],[15.998827,45.71944],[15.999121,45.719518],[15.999538,45.719492],[15.99981,45.719583],[16.000068,45.719335],[16.000566,45.719719],[16.000991,45.719845],[16.001333,45.719827],[16.002108,45.719573],[16.003383,45.719261],[16.003428,45.719355],[16.003538,45.719234],[16.004603,45.719098],[16.005528,45.719078],[16.008067,45.719489],[16.008696,45.719615],[16.009513,45.719683],[16.010004,45.719558],[16.010492,45.719367],[16.010785,45.719268],[16.01111,45.719173],[16.01152,45.719084],[16.012151,45.719061],[16.012302,45.719022],[16.012456,45.718974],[16.012564,45.71899],[16.012687,45.719052],[16.013444,45.719022],[16.014398,45.718917],[16.014887,45.720248],[16.015906,45.720189],[16.016039,45.72019],[16.016071,45.720377],[16.016489,45.7204],[16.01695,45.720422],[16.017348,45.720477],[16.017635,45.720549],[16.01813,45.720793],[16.017971,45.720914],[16.017815,45.721071],[16.017771,45.721332],[16.017628,45.721724],[16.017137,45.722377],[16.017048,45.722652],[16.01703,45.723006],[16.017117,45.723053],[16.017276,45.723704],[16.01744,45.724066],[16.01834,45.723918],[16.018621,45.723907],[16.01883,45.724096],[16.019007,45.724559],[16.018721,45.725149],[16.018454,45.725308],[16.01774,45.725574],[16.017284,45.725779],[16.01702,45.725952],[16.016907,45.7261],[16.016845,45.726272],[16.016832,45.726374],[16.016839,45.726411],[16.016738,45.72676],[16.016754,45.72678],[16.015929,45.727151],[16.015071,45.727503],[16.015392,45.727816],[16.015885,45.728247],[16.016286,45.728709],[16.01746,45.72953],[16.017404,45.729618],[16.016086,45.730582],[16.016008,45.730923],[16.016124,45.732018],[16.016265,45.73255],[16.016344,45.732723],[16.013863,45.733492],[16.013185,45.733708],[16.012489,45.733981],[16.012058,45.734164],[16.011336,45.734508],[16.010758,45.734686],[16.009264,45.735165],[16.008933,45.735406],[16.009044,45.735539],[16.008374,45.736006],[16.008291,45.736119],[16.006522,45.737369],[16.004603,45.738755],[16.004442,45.738889],[16.004238,45.739006],[16.003804,45.739288],[16.00215,45.740485],[16.001675,45.740828],[16.000739,45.741496],[15.99969,45.741576],[15.999583,45.74125],[15.999422,45.740924],[15.999302,45.740711],[15.999287,45.740673],[15.999205,45.740548],[15.998961,45.7402],[15.99861,45.739729],[15.9983,45.739267],[15.998102,45.738905],[15.996852,45.739307],[15.995183,45.739839],[15.993697,45.74032],[15.992418,45.740725],[15.992238,45.74079],[15.990893,45.741218],[15.985518,45.742958],[15.982741,45.743832],[15.979655,45.744842],[15.984562,45.748543],[15.984979,45.748682],[15.988071,45.750991],[15.984835,45.753285],[15.984356,45.753668],[15.985019,45.753659],[15.985018,45.753696],[15.985061,45.753723],[15.984389,45.754265],[15.98431,45.754556],[15.984281,45.754776],[15.984282,45.755037],[15.984305,45.75517],[15.98437,45.755384],[15.984455,45.755613],[15.984592,45.755861],[15.984715,45.756064],[15.984901,45.756286],[15.985105,45.756486],[15.985331,45.756658],[15.985519,45.756785],[15.98582,45.756956],[15.986104,45.757084],[15.986494,45.757233],[15.986873,45.757334],[15.987298,45.757408],[15.987695,45.757446],[15.988194,45.757454],[15.988542,45.757438],[15.989453,45.757368],[15.98957,45.757696],[15.989315,45.758065],[15.989473,45.758056],[15.989497,45.7583],[15.989498,45.758539],[15.98955,45.758579],[15.989605,45.758844],[15.989613,45.759067],[15.989602,45.759201],[15.989566,45.75931],[15.989497,45.759469],[15.98941,45.759626],[15.989327,45.759737],[15.989138,45.759921],[15.988845,45.76011],[15.988475,45.76026],[15.988352,45.760339],[15.988294,45.760345],[15.988201,45.760341],[15.987191,45.760551],[15.986527,45.760651],[15.986511,45.76067],[15.985656,45.760766],[15.985338,45.760767],[15.985339,45.760756],[15.985044,45.760762],[15.984557,45.760756],[15.983633,45.760766],[15.98257,45.760895],[15.982112,45.761146],[15.981848,45.76126],[15.981423,45.761579],[15.981187,45.76188],[15.981183,45.761925],[15.980994,45.762419],[15.980942,45.762613],[15.980897,45.763519],[15.980829,45.76481],[15.98081,45.764978],[15.980687,45.766189],[15.980675,45.766469],[15.980652,45.766558],[15.980616,45.76666],[15.980611,45.766744],[15.980541,45.76759],[15.980506,45.767946],[15.980488,45.768679],[15.980516,45.768778],[15.980495,45.769161],[15.980413,45.769251],[15.980399,45.76952],[15.980446,45.769522],[15.980446,45.769606],[15.980431,45.770178],[15.980403,45.77032],[15.980435,45.770372],[15.980416,45.770771],[15.980359,45.770955],[15.980298,45.770949],[15.980267,45.771507],[15.980614,45.771513],[15.980607,45.771875],[15.980957,45.771887],[15.980773,45.775277],[15.980974,45.775745],[15.980986,45.775957],[15.980913,45.775956],[15.980911,45.776088],[15.980939,45.776088],[15.980944,45.776197],[15.981023,45.776356],[15.980985,45.777111],[15.980995,45.777132],[15.981007,45.777146],[15.981035,45.777164],[15.981078,45.777171],[15.981146,45.777181],[15.98055,45.777169],[15.980529,45.77732],[15.980373,45.78015],[15.980182,45.78355],[15.980024,45.786523],[15.980002,45.787018],[15.980061,45.787016],[15.980094,45.787447],[15.979984,45.787451],[15.979912,45.787893],[15.979929,45.787943],[15.979876,45.788919],[15.979739,45.788925],[15.97949,45.78893],[15.978284,45.788948],[15.977247,45.78893],[15.976265,45.788881],[15.975172,45.788812],[15.973989,45.788735],[15.97356,45.788689],[15.972158,45.788556],[15.971423,45.788454],[15.969925,45.788231],[15.969252,45.788122],[15.967135,45.787737],[15.965819,45.787444],[15.965185,45.787286],[15.964349,45.787067],[15.963434,45.786838],[15.963104,45.786735],[15.96208,45.786464],[15.961069,45.786205],[15.959382,45.785766],[15.957519,45.785207],[15.955536,45.784408],[15.954075,45.783774],[15.951941,45.782734],[15.950343,45.781837],[15.948959,45.781051],[15.947079,45.779754],[15.944694,45.777989],[15.942066,45.776007],[15.941522,45.775659],[15.941289,45.775515],[15.940382,45.774994],[15.939785,45.774672],[15.939004,45.774313],[15.938167,45.773976],[15.937602,45.773766],[15.936119,45.773346],[15.934456,45.772912],[15.933689,45.772767],[15.932566,45.772571],[15.930685,45.772326],[15.930077,45.772304],[15.92918,45.772318],[15.928204,45.772405],[15.927097,45.772566],[15.925721,45.772853],[15.922927,45.773679],[15.918858,45.774942],[15.917858,45.775267],[15.917091,45.775426],[15.916509,45.775474],[15.916129,45.775619],[15.915727,45.775764],[15.914028,45.776124],[15.910409,45.776788],[15.908419,45.777235],[15.907513,45.777489],[15.906716,45.777746],[15.906149,45.777949],[15.905912,45.778049],[15.905646,45.778171],[15.903945,45.779099],[15.903478,45.779457],[15.902051,45.78076],[15.900045,45.782906],[15.89742,45.785048],[15.896847,45.785433],[15.896367,45.785692],[15.8958,45.785923],[15.895263,45.78611],[15.893908,45.786483],[15.892813,45.786745],[15.891414,45.786945],[15.890244,45.787002],[15.888803,45.786949],[15.888398,45.786924],[15.886597,45.78666],[15.886102,45.786555],[15.885833,45.786211],[15.884298,45.785914],[15.884,45.78591],[15.882706,45.785145],[15.881651,45.784764],[15.880499,45.784545],[15.875178,45.78386],[15.873545,45.783642],[15.871723,45.783529],[15.869706,45.78344],[15.867917,45.783859],[15.866977,45.784142],[15.866057,45.784468],[15.865165,45.784898],[15.864217,45.785464],[15.862905,45.786444],[15.861788,45.787292],[15.860932,45.787942],[15.859849,45.788666],[15.858932,45.78922],[15.858051,45.78969],[15.856048,45.790605],[15.853738,45.791544],[15.853194,45.791826],[15.852951,45.791965],[15.85165,45.79287],[15.851177,45.793253],[15.850326,45.794102],[15.849432,45.795112],[15.848904,45.79576],[15.847641,45.797294],[15.846562,45.798649],[15.845471,45.800025],[15.844556,45.801209],[15.844082,45.801785],[15.843565,45.802338],[15.843039,45.802885],[15.842462,45.803424],[15.841743,45.804017],[15.840503,45.804932],[15.839189,45.805803],[15.837807,45.806778],[15.837221,45.807184],[15.836757,45.807524],[15.835569,45.808587],[15.834764,45.809351],[15.833582,45.810591],[15.832404,45.810548],[15.832259,45.810329],[15.832579,45.809976],[15.832624,45.80968],[15.832993,45.809224],[15.833069,45.809004],[15.833026,45.808699],[15.832773,45.808571],[15.832489,45.808418],[15.832329,45.808262],[15.830675,45.807621],[15.832135,45.805878],[15.831958,45.805809],[15.833697,45.804067],[15.834235,45.803561],[15.833498,45.803293],[15.835245,45.800061],[15.83504,45.798774],[15.83547,45.796067],[15.835688,45.796101],[15.835847,45.793217],[15.83547,45.793171],[15.835874,45.792502],[15.836197,45.792251],[15.836857,45.792068],[15.837617,45.791797],[15.838727,45.791224],[15.839694,45.791056],[15.841988,45.790491],[15.842692,45.789513],[15.841993,45.789237],[15.840093,45.788869],[15.839808,45.789139],[15.839538,45.789019],[15.839097,45.789021],[15.83886,45.788149],[15.838377,45.787403],[15.837801,45.786723],[15.836973,45.785705],[15.835144,45.785561],[15.834386,45.785261],[15.833742,45.785137],[15.833392,45.784895],[15.831759,45.784637],[15.829053,45.784057],[15.82915,45.783601],[15.829203,45.783527],[15.829186,45.783365],[15.829452,45.783262],[15.829539,45.783151],[15.829541,45.782968],[15.829282,45.78273],[15.828937,45.78248],[15.828764,45.782307],[15.828694,45.782151],[15.828691,45.782059],[15.827026,45.781203],[15.826003,45.780682],[15.824033,45.779915],[15.823247,45.779588],[15.821727,45.77855],[15.822869,45.778161],[15.8231,45.778048],[15.823634,45.777704],[15.82477,45.776127],[15.82553,45.77512]]]]}},{"type":"Feature","properties":{"city":"Zagreb","name":"Peščenica - Žitnjak","osm_relation":3173936},"geometry":{"type":"MultiPolygon","coordinates":[[[[15.999895,45.795705],[15.999879,45.795677],[16.000398,45.794945],[16.000486,45.794896],[16.000626,45.794575],[16.000916,45.794118],[16.001751,45.79304],[16.002023,45.792796],[16.002852,45.791643],[16.003444,45.790817],[16.004291,45.789779],[16.004386,45.789501],[16.004504,45.789063],[16.004537,45.788813],[16.004562,45.788336],[16.004554,45.788113],[16.004533,45.78789],[16.004506,45.787661],[16.004453,45.787458],[16.004336,45.78712],[16.00425,45.786911],[16.004186,45.78692],[16.004087,45.786707],[16.003914,45.786391],[16.003697,45.786024],[16.003915,45.785936],[16.003798,45.785748],[16.00359,45.785831],[16.002743,45.784364],[16.002806,45.784339],[16.003331,45.784019],[16.005382,45.783016],[16.007189,45.781998],[16.008346,45.781297],[16.009542,45.780583],[16.011228,45.77938],[16.011852,45.778971],[16.012737,45.77839],[16.014108,45.777486],[16.016148,45.776116],[16.023043,45.771375],[16.025747,45.769572],[16.029505,45.767346],[16.032801,45.765332],[16.038766,45.761988],[16.039385,45.76162],[16.039692,45.761259],[16.039679,45.761143],[16.041767,45.760102],[16.043494,45.759638],[16.044647,45.759233],[16.044882,45.759232],[16.046009,45.758883],[16.046624,45.758712],[16.047231,45.758556],[16.048808,45.758227],[16.050281,45.758055],[16.051248,45.758007],[16.052287,45.758025],[16.053748,45.758186],[16.05478,45.758359],[16.055883,45.758572],[16.056449,45.758741],[16.057444,45.759103],[16.058375,45.759447],[16.059205,45.759852],[16.060249,45.760495],[16.060993,45.761029],[16.061555,45.761489],[16.062499,45.762292],[16.063284,45.763182],[16.064687,45.765114],[16.066352,45.767185],[16.066338,45.767428],[16.067241,45.768228],[16.068432,45.769096],[16.069405,45.76965],[16.070486,45.770198],[16.070936,45.770416],[16.071623,45.770677],[16.072701,45.771052],[16.073585,45.771433],[16.074682,45.771972],[16.075618,45.772537],[16.076463,45.773201],[16.077553,45.773981],[16.078258,45.774593],[16.079732,45.775759],[16.080748,45.776469],[16.081842,45.777577],[16.082532,45.778091],[16.08359,45.778847],[16.084467,45.779091],[16.088053,45.780224],[16.088785,45.780422],[16.089678,45.780807],[16.090881,45.781323],[16.092122,45.781499],[16.092932,45.781718],[16.094483,45.782152],[16.095473,45.782544],[16.098344,45.783955],[16.098506,45.78416],[16.099951,45.785157],[16.101595,45.786081],[16.102106,45.786232],[16.100561,45.787684],[16.100468,45.787946],[16.101986,45.788744],[16.102381,45.789065],[16.103131,45.789692],[16.104004,45.790569],[16.104254,45.790913],[16.104853,45.791618],[16.105064,45.79147],[16.106741,45.789239],[16.106929,45.788592],[16.108948,45.788714],[16.110649,45.788328],[16.115404,45.787477],[16.117763,45.787086],[16.119976,45.78704],[16.122534,45.787492],[16.123628,45.787572],[16.124779,45.788844],[16.12521,45.789354],[16.125568,45.789764],[16.125737,45.790037],[16.126016,45.790364],[16.125909,45.790401],[16.125911,45.790486],[16.12696,45.791793],[16.127045,45.791831],[16.127185,45.79183],[16.127555,45.792288],[16.127357,45.792423],[16.128007,45.793238],[16.128287,45.793765],[16.128455,45.79451],[16.12857,45.795233],[16.128783,45.796543],[16.12886,45.797315],[16.128787,45.798058],[16.128624,45.798707],[16.128432,45.799076],[16.128096,45.799474],[16.127533,45.800009],[16.127059,45.800313],[16.1265,45.800636],[16.125573,45.800961],[16.12586,45.801628],[16.118971,45.803036],[16.115863,45.803733],[16.110047,45.805076],[16.110103,45.805098],[16.108961,45.805344],[16.107626,45.80561],[16.106543,45.805799],[16.106837,45.805677],[16.106306,45.805766],[16.104804,45.805973],[16.104079,45.806064],[16.102938,45.806183],[16.102242,45.80624],[16.101982,45.806261],[16.101105,45.806321],[16.10085,45.806336],[16.100502,45.806346],[16.099563,45.806375],[16.098616,45.806393],[16.097328,45.806396],[16.096155,45.806378],[16.094613,45.806293],[16.093519,45.806217],[16.092806,45.80615],[16.091693,45.80603],[16.090429,45.805872],[16.086773,45.805394],[16.086097,45.805316],[16.082993,45.804903],[16.077762,45.804211],[16.074458,45.803776],[16.072953,45.803568],[16.070042,45.803202],[16.0697,45.803167],[16.065609,45.802618],[16.063367,45.802311],[16.062522,45.802202],[16.060203,45.801902],[16.056856,45.801463],[16.054001,45.801071],[16.051988,45.800776],[16.049426,45.80036],[16.048292,45.800161],[16.047471,45.800012],[16.046605,45.799837],[16.046696,45.800086],[16.046675,45.800325],[16.046713,45.800495],[16.046892,45.801003],[16.047479,45.802873],[16.047503,45.803047],[16.047521,45.803367],[16.047619,45.803478],[16.047814,45.803633],[16.048155,45.803881],[16.048189,45.803921],[16.048233,45.804093],[16.04835,45.804823],[16.048451,45.805137],[16.048471,45.805236],[16.048554,45.805422],[16.048702,45.805642],[16.048887,45.805909],[16.049049,45.806077],[16.049445,45.806341],[16.0495,45.806404],[16.049522,45.80646],[16.049534,45.806516],[16.049541,45.806584],[16.049536,45.80669],[16.049502,45.806872],[16.049505,45.80731],[16.049578,45.807577],[16.049752,45.807947],[16.049734,45.80801],[16.049838,45.808152],[16.049752,45.808274],[16.049848,45.808438],[16.049958,45.808749],[16.050029,45.808795],[16.050068,45.809084],[16.050055,45.80924],[16.050128,45.809386],[16.050014,45.809592],[16.049913,45.809892],[16.049956,45.809993],[16.049812,45.8101],[16.049709,45.810292],[16.049613,45.810329],[16.049578,45.810394],[16.049543,45.810561],[16.049396,45.810773],[16.049286,45.810865],[16.049086,45.811139],[16.049103,45.811238],[16.049255,45.811509],[16.049256,45.812015],[16.049226,45.812047],[16.049162,45.812065],[16.049088,45.812207],[16.049031,45.812243],[16.048715,45.812448],[16.048674,45.812747],[16.048737,45.8128],[16.048729,45.813192],[16.048638,45.813344],[16.048585,45.813596],[16.048576,45.813891],[16.048503,45.814484],[16.048181,45.814841],[16.048172,45.814939],[16.048223,45.815073],[16.048364,45.81515],[16.048392,45.815419],[16.048439,45.815594],[16.048404,45.815681],[16.04825,45.815851],[16.047983,45.815984],[16.047871,45.816098],[16.047862,45.81628],[16.047953,45.816354],[16.047939,45.816484],[16.047818,45.816649],[16.047679,45.816656],[16.04761,45.816792],[16.047283,45.816905],[16.047034,45.816959],[16.046876,45.816937],[16.046783,45.816956],[16.046617,45.81694],[16.046562,45.816906],[16.046371,45.816906],[16.046229,45.816953],[16.046163,45.817117],[16.045926,45.817915],[16.045817,45.817958],[16.04577,45.817976],[16.042065,45.817366],[16.038757,45.816758],[16.034257,45.815983],[16.029848,45.815238],[16.028695,45.815024],[16.027663,45.814842],[16.027499,45.814787],[16.02402,45.814215],[16.022698,45.813983],[16.021123,45.813674],[16.02082,45.813586],[16.019912,45.813384],[16.019861,45.813361],[16.019748,45.813228],[16.019542,45.813172],[16.019366,45.813214],[16.019224,45.813229],[16.019137,45.813211],[16.019096,45.81321],[16.019007,45.813234],[16.018746,45.813331],[16.018783,45.813356],[16.018802,45.813389],[16.018806,45.813425],[16.018795,45.813463],[16.018774,45.813484],[16.018281,45.813703],[16.018052,45.813797],[16.01696,45.814263],[16.016488,45.814449],[16.015204,45.81485],[16.014778,45.814935],[16.014785,45.814977],[16.014747,45.815015],[16.014127,45.815133],[16.013862,45.815136],[16.013378,45.815198],[16.013356,45.815196],[16.013336,45.815188],[16.013317,45.815177],[16.013306,45.815162],[16.012913,45.8152],[16.012902,45.815223],[16.012865,45.81524],[16.012677,45.815248],[16.012056,45.815268],[16.012002,45.815269],[16.011998,45.815339],[16.011768,45.815349],[16.011768,45.815292],[16.01102,45.815286],[16.010584,45.815254],[16.010328,45.815232],[16.010355,45.815069],[16.009742,45.815033],[16.009702,45.815134],[16.009556,45.815107],[16.009058,45.814958],[16.008857,45.814867],[16.008403,45.814669],[16.008172,45.814646],[16.006511,45.813881],[16.005847,45.813602],[16.004641,45.813127],[16.003108,45.812552],[16.002394,45.812296],[16.001966,45.812136],[16.001103,45.811868],[16.000189,45.81162],[16.000223,45.811608],[16.00026,45.811588],[16.003269,45.8089],[16.003409,45.808768],[16.005442,45.806963],[16.00529,45.806874],[16.006218,45.806047],[16.006369,45.80612],[16.007716,45.804984],[16.007958,45.804728],[16.007932,45.804616],[16.008544,45.804072],[16.008712,45.804059],[16.010998,45.802031],[16.011475,45.801605],[16.011508,45.801621],[16.01304,45.800256],[16.013014,45.800232],[16.013049,45.800217],[16.014408,45.798925],[16.014986,45.798443],[16.01614,45.797712],[16.016181,45.797608],[16.016212,45.797607],[16.016235,45.797596],[16.016484,45.797384],[16.016824,45.797183],[16.016878,45.797141],[16.016916,45.797102],[16.016934,45.797048],[16.01694,45.797005],[16.016931,45.796963],[16.016911,45.79692],[16.016874,45.796874],[16.016788,45.796837],[16.017003,45.796472],[16.014173,45.796327],[16.00773,45.795997],[16.006274,45.795956],[16.00602,45.795997],[16.005853,45.79599],[16.005157,45.795957],[16.00452,45.795915],[16.004161,45.795901],[16.00386,45.795883],[16.003298,45.795884],[16.001145,45.795769],[15.999895,45.795705]]]]}},{"type":"Feature","properties":{"city":"Zagreb","name":"Podsljeme","osm_relation":3178498},"geometry":{"type":"MultiPolygon","coordinates":[[[[15.922343,45.889555],[15.922562,45.889504],[15.922922,45.889192],[15.923438,45.889101],[15.923843,45.888639],[15.924312,45.888427],[15.924317,45.888144],[15.924681,45.888082],[15.924821,45.887945],[15.925403,45.887738],[15.925791,45.887227],[15.925955,45.886754],[15.926316,45.886339],[15.926548,45.886229],[15.927376,45.885468],[15.927434,45.88516],[15.927552,45.884827],[15.927809,45.884424],[15.92817,45.884059],[15.928564,45.883891],[15.928674,45.883585],[15.928812,45.883158],[15.929042,45.882968],[15.929053,45.881717],[15.92892,45.881454],[15.92883,45.881026],[15.929093,45.880325],[15.929773,45.879371],[15.930355,45.878836],[15.932047,45.877718],[15.93262,45.877713],[15.93301,45.877784],[15.933673,45.877237],[15.933812,45.877232],[15.93397,45.877377],[15.933958,45.877665],[15.934116,45.877839],[15.934499,45.878102],[15.934769,45.878159],[15.935228,45.87811],[15.93674,45.87735],[15.937936,45.876527],[15.938296,45.875796],[15.938309,45.875288],[15.938216,45.875059],[15.93824,45.87445],[15.938473,45.873944],[15.939324,45.872767],[15.940321,45.871831],[15.941266,45.871481],[15.941449,45.871252],[15.941628,45.870896],[15.942404,45.870448],[15.942879,45.869889],[15.942914,45.869532],[15.942901,45.869242],[15.942571,45.868946],[15.942154,45.868675],[15.941977,45.868437],[15.941927,45.868172],[15.941845,45.867637],[15.941888,45.866755],[15.942146,45.866432],[15.942368,45.866231],[15.942575,45.866045],[15.942771,45.865893],[15.943348,45.864471],[15.943389,45.863925],[15.943158,45.862858],[15.943294,45.862477],[15.943332,45.862225],[15.943307,45.861987],[15.943111,45.861612],[15.943969,45.861078],[15.944361,45.860714],[15.944461,45.860435],[15.944769,45.860104],[15.94452,45.859516],[15.944228,45.859183],[15.944122,45.859213],[15.944065,45.858429],[15.943539,45.858033],[15.943635,45.8578],[15.943658,45.857366],[15.943681,45.856863],[15.943803,45.856484],[15.943785,45.855802],[15.943709,45.855773],[15.943879,45.855121],[15.943779,45.855134],[15.943681,45.854795],[15.943594,45.85475],[15.943686,45.854652],[15.943662,45.854574],[15.943468,45.85425],[15.943413,45.854092],[15.943406,45.853928],[15.943436,45.853713],[15.943467,45.853598],[15.943573,45.85345],[15.943709,45.853301],[15.94403,45.852947],[15.944318,45.852828],[15.944812,45.852688],[15.944785,45.852426],[15.94473,45.852215],[15.944626,45.851954],[15.944588,45.851754],[15.944551,45.851695],[15.944511,45.851662],[15.944445,45.85162],[15.944413,45.851565],[15.944407,45.851415],[15.944426,45.851175],[15.94441,45.851059],[15.94431,45.850921],[15.944174,45.850756],[15.9441,45.850572],[15.943987,45.849855],[15.943871,45.849496],[15.943779,45.849298],[15.94378,45.849162],[15.943738,45.848836],[15.943572,45.848387],[15.943523,45.848038],[15.943618,45.847958],[15.943507,45.847835],[15.943505,45.847759],[15.943467,45.847627],[15.943486,45.847515],[15.943531,45.847439],[15.943621,45.847375],[15.943489,45.847261],[15.94335,45.847096],[15.943293,45.847068],[15.943178,45.847046],[15.943119,45.847003],[15.943099,45.846957],[15.9431,45.846755],[15.943034,45.84659],[15.942926,45.84646],[15.942841,45.846337],[15.942834,45.846183],[15.942825,45.845975],[15.942864,45.845503],[15.942921,45.845367],[15.942876,45.845149],[15.942774,45.845021],[15.942762,45.84488],[15.942784,45.844713],[15.94274,45.844562],[15.942694,45.84445],[15.942565,45.844395],[15.942465,45.844345],[15.942443,45.84429],[15.942447,45.844183],[15.942452,45.844014],[15.942351,45.84369],[15.94221,45.843292],[15.942142,45.843216],[15.942177,45.843127],[15.942242,45.84305],[15.942305,45.842889],[15.942229,45.842716],[15.942228,45.842607],[15.94227,45.842516],[15.94237,45.842438],[15.94264,45.842294],[15.942776,45.84224],[15.942589,45.842006],[15.942543,45.841857],[15.942612,45.841766],[15.942734,45.841693],[15.942808,45.841597],[15.942957,45.841501],[15.943175,45.841338],[15.943283,45.841272],[15.943568,45.841165],[15.943653,45.841143],[15.943687,45.840963],[15.943772,45.840841],[15.943763,45.840765],[15.943669,45.840747],[15.943554,45.840763],[15.94353,45.840667],[15.943533,45.840563],[15.943484,45.8405],[15.943407,45.84049],[15.943296,45.840366],[15.943235,45.840278],[15.943219,45.840132],[15.943227,45.840044],[15.94328,45.839878],[15.943261,45.839845],[15.943206,45.839784],[15.943249,45.83967],[15.943308,45.839647],[15.943434,45.839654],[15.943438,45.839573],[15.943615,45.839275],[15.943598,45.839158],[15.9438,45.838849],[15.943757,45.838764],[15.943725,45.838642],[15.943663,45.83852],[15.943662,45.838474],[15.943753,45.838346],[15.943751,45.838267],[15.943703,45.838202],[15.943714,45.83811],[15.943934,45.838077],[15.944343,45.838039],[15.944373,45.83879],[15.944443,45.838925],[15.94442,45.839161],[15.944387,45.839365],[15.944741,45.839631],[15.945491,45.839646],[15.945711,45.839886],[15.945446,45.840255],[15.945633,45.84051],[15.946049,45.841034],[15.946123,45.840932],[15.946208,45.840578],[15.946168,45.840444],[15.94621,45.840396],[15.946476,45.840546],[15.946489,45.840758],[15.946533,45.840879],[15.946653,45.841157],[15.94675,45.841305],[15.947085,45.841655],[15.947297,45.84193],[15.947602,45.842103],[15.948278,45.842265],[15.949352,45.8426],[15.94937,45.842562],[15.94942,45.842532],[15.949584,45.842477],[15.949874,45.842367],[15.950281,45.842196],[15.950486,45.842125],[15.950604,45.842098],[15.950697,45.842129],[15.950836,45.842188],[15.950943,45.84226],[15.951316,45.842541],[15.951526,45.842726],[15.951547,45.842712],[15.95177,45.842887],[15.951956,45.843059],[15.952004,45.843121],[15.952048,45.843233],[15.952117,45.843323],[15.952144,45.843416],[15.952141,45.84346],[15.952136,45.843547],[15.952156,45.843585],[15.952207,45.84361],[15.952274,45.843622],[15.952357,45.843622],[15.952447,45.843599],[15.952533,45.843553],[15.952631,45.84347],[15.952811,45.843277],[15.952857,45.843271],[15.952909,45.843283],[15.952802,45.843489],[15.952797,45.843557],[15.953096,45.844355],[15.953212,45.844846],[15.953112,45.845491],[15.953173,45.845525],[15.953182,45.845597],[15.953097,45.846056],[15.953057,45.846262],[15.95294,45.846634],[15.952944,45.846756],[15.953173,45.846855],[15.953159,45.846878],[15.953351,45.846943],[15.953514,45.84696],[15.953738,45.846959],[15.954243,45.846866],[15.954507,45.846801],[15.954726,45.84673],[15.955036,45.846626],[15.955189,45.846589],[15.955357,45.846562],[15.955437,45.846559],[15.955601,45.84657],[15.95582,45.846477],[15.955797,45.846441],[15.956174,45.846331],[15.957129,45.846005],[15.957455,45.845866],[15.957776,45.845676],[15.957753,45.84559],[15.957928,45.845561],[15.958011,45.845519],[15.958263,45.845622],[15.95836,45.845602],[15.958667,45.84557],[15.959718,45.845174],[15.959923,45.84514],[15.960569,45.846216],[15.960932,45.846089],[15.962075,45.84575],[15.962042,45.845563],[15.962404,45.845531],[15.962362,45.845462],[15.963088,45.845322],[15.963223,45.845551],[15.963151,45.845577],[15.963584,45.845697],[15.964007,45.84566],[15.964028,45.845739],[15.964406,45.845643],[15.964744,45.845483],[15.965067,45.845467],[15.965029,45.845029],[15.964966,45.844964],[15.964947,45.844774],[15.965337,45.844733],[15.965319,45.84447],[15.965672,45.84447],[15.965721,45.845004],[15.966015,45.844996],[15.966007,45.844615],[15.966532,45.844613],[15.966528,45.844536],[15.966906,45.844539],[15.967289,45.844645],[15.967968,45.844567],[15.967753,45.843975],[15.9681,45.843873],[15.968365,45.843861],[15.968515,45.843927],[15.96871,45.844219],[15.968875,45.844259],[15.969005,45.844326],[15.969265,45.844486],[15.969505,45.844396],[15.969743,45.84415],[15.969696,45.844133],[15.969971,45.843833],[15.970055,45.843875],[15.969975,45.843631],[15.969745,45.84335],[15.969719,45.843351],[15.969689,45.843208],[15.969589,45.843216],[15.969581,45.843157],[15.969587,45.843083],[15.969624,45.843043],[15.969812,45.842913],[15.970224,45.84266],[15.970414,45.842573],[15.970451,45.842596],[15.970796,45.842433],[15.971111,45.842389],[15.971209,45.84243],[15.971737,45.842673],[15.971882,45.842547],[15.972318,45.842776],[15.972513,45.842845],[15.97249,45.842875],[15.972824,45.842982],[15.972687,45.843144],[15.972925,45.843243],[15.973332,45.842837],[15.973393,45.843012],[15.973626,45.842789],[15.97377,45.842621],[15.973976,45.84251],[15.974192,45.842176],[15.974226,45.842405],[15.9744,45.842519],[15.974782,45.842574],[15.974867,45.842525],[15.974974,45.842557],[15.975088,45.842639],[15.97552,45.842617],[15.975495,45.842557],[15.975515,45.84247],[15.9756,45.842368],[15.975611,45.84228],[15.975532,45.842083],[15.975636,45.842052],[15.97582,45.842121],[15.975993,45.842459],[15.976179,45.842862],[15.976402,45.843365],[15.976533,45.843538],[15.976614,45.843745],[15.976743,45.844169],[15.97704,45.846123],[15.977077,45.846378],[15.97707,45.846503],[15.97705,45.846761],[15.977159,45.847403],[15.977144,45.847526],[15.977089,45.847756],[15.977042,45.847923],[15.976951,45.848118],[15.976846,45.84827],[15.976833,45.848431],[15.976965,45.848442],[15.978921,45.848834],[15.980347,45.849071],[15.980283,45.849191],[15.980144,45.849246],[15.980189,45.849304],[15.980057,45.849471],[15.979846,45.8497],[15.979699,45.849858],[15.979616,45.849974],[15.979543,45.850142],[15.979412,45.850342],[15.979255,45.850525],[15.980066,45.850574],[15.980062,45.85065],[15.979981,45.850787],[15.979947,45.850929],[15.979916,45.851097],[15.979928,45.8512],[15.979957,45.851289],[15.980086,45.851466],[15.980212,45.851654],[15.980212,45.851766],[15.980185,45.851856],[15.980129,45.851939],[15.980036,45.852062],[15.97999,45.852194],[15.97997,45.85235],[15.979953,45.852453],[15.979988,45.852938],[15.979987,45.853065],[15.979919,45.85342],[15.979907,45.853665],[15.979872,45.853833],[15.979896,45.853956],[15.980271,45.85519],[15.980432,45.855788],[15.980811,45.855608],[15.980926,45.855696],[15.980955,45.855638],[15.981067,45.855708],[15.98108,45.855767],[15.981119,45.85591],[15.981282,45.856117],[15.981783,45.85665],[15.982,45.856969],[15.982451,45.857428],[15.982626,45.857559],[15.982884,45.857684],[15.983428,45.857922],[15.98364,45.858061],[15.983592,45.85811],[15.983918,45.858277],[15.984095,45.858274],[15.984084,45.858473],[15.98426,45.858518],[15.985622,45.858898],[15.985741,45.858679],[15.986329,45.85878],[15.986894,45.858826],[15.986953,45.85859],[15.987046,45.858332],[15.986989,45.85829],[15.986921,45.85789],[15.987291,45.857922],[15.987672,45.857904],[15.98792,45.857827],[15.988242,45.857922],[15.988371,45.857933],[15.988613,45.858052],[15.988768,45.858096],[15.989641,45.858328],[15.989818,45.858356],[15.990243,45.858395],[15.990567,45.858488],[15.990645,45.858499],[15.990735,45.858491],[15.990983,45.8584],[15.991305,45.858231],[15.991944,45.857917],[15.992489,45.857747],[15.992696,45.857748],[15.992889,45.857779],[15.992866,45.85785],[15.993024,45.858245],[15.993113,45.858298],[15.993193,45.858328],[15.993264,45.858393],[15.993286,45.85846],[15.993294,45.858523],[15.993214,45.858663],[15.993149,45.858808],[15.993147,45.858842],[15.993144,45.858876],[15.993282,45.858926],[15.993283,45.859263],[15.993392,45.859462],[15.993542,45.859626],[15.993557,45.859801],[15.993599,45.859817],[15.993939,45.859626],[15.994188,45.859775],[15.994784,45.86033],[15.994854,45.860347],[15.994935,45.860308],[15.995352,45.860413],[15.995639,45.860506],[15.995787,45.860562],[15.995852,45.860496],[15.996,45.860544],[15.996394,45.860038],[15.997008,45.859477],[15.99748,45.859058],[15.997648,45.85895],[15.998007,45.858663],[15.99816,45.858529],[15.998573,45.857956],[15.998578,45.857897],[15.998931,45.85805],[15.999342,45.858007],[15.999923,45.858065],[16.000259,45.858168],[16.000931,45.858431],[16.001262,45.858515],[16.001623,45.858639],[16.002729,45.859115],[16.003914,45.859695],[16.004038,45.859675],[16.004608,45.859315],[16.005321,45.858788],[16.00576,45.858288],[16.006236,45.85789],[16.008305,45.858614],[16.009059,45.858194],[16.00944,45.8579],[16.009596,45.857675],[16.009907,45.857547],[16.010183,45.85722],[16.009985,45.856938],[16.01044,45.856545],[16.010817,45.856287],[16.011143,45.856192],[16.011555,45.856113],[16.012282,45.855728],[16.012847,45.855138],[16.012968,45.854731],[16.013185,45.854458],[16.013388,45.854316],[16.013706,45.854214],[16.014414,45.854135],[16.014458,45.853998],[16.014844,45.85374],[16.014886,45.853911],[16.015279,45.853786],[16.01545,45.853444],[16.015672,45.853242],[16.015748,45.852973],[16.015843,45.852778],[16.016848,45.852463],[16.016921,45.852276],[16.01719,45.852032],[16.017478,45.852036],[16.017669,45.852194],[16.017813,45.852271],[16.017967,45.852139],[16.01812,45.851941],[16.018511,45.851634],[16.018553,45.851535],[16.018406,45.851269],[16.018251,45.851045],[16.018488,45.850927],[16.018693,45.850746],[16.018783,45.850554],[16.018667,45.850347],[16.018669,45.850055],[16.018919,45.849542],[16.019077,45.849562],[16.019356,45.849383],[16.019558,45.848618],[16.019674,45.848122],[16.019966,45.847778],[16.019874,45.847681],[16.019964,45.847454],[16.020051,45.847437],[16.020293,45.847499],[16.020412,45.847468],[16.020471,45.847401],[16.020242,45.847327],[16.020369,45.84721],[16.020536,45.846976],[16.020657,45.846872],[16.020909,45.846841],[16.020975,45.846731],[16.020975,45.846639],[16.020823,45.846637],[16.02087,45.846277],[16.020949,45.846147],[16.021142,45.846229],[16.02133,45.846307],[16.021436,45.846143],[16.021362,45.846057],[16.021424,45.845914],[16.021511,45.845796],[16.021719,45.845674],[16.021957,45.845478],[16.022253,45.845502],[16.022403,45.845418],[16.022607,45.84536],[16.022589,45.845271],[16.022722,45.845191],[16.022973,45.845343],[16.023063,45.845302],[16.023144,45.845048],[16.023401,45.845156],[16.023497,45.845123],[16.023523,45.844875],[16.023314,45.844484],[16.023382,45.844346],[16.025879,45.842317],[16.026682,45.842705],[16.027893,45.841657],[16.027978,45.841615],[16.027966,45.842052],[16.028001,45.842085],[16.028057,45.842107],[16.02809,45.842116],[16.028152,45.842109],[16.028289,45.842028],[16.028338,45.841987],[16.028348,45.841955],[16.028474,45.841942],[16.02859,45.842423],[16.028689,45.842923],[16.028776,45.843415],[16.028792,45.843507],[16.028854,45.843989],[16.028865,45.844321],[16.028835,45.844521],[16.028732,45.84475],[16.028426,45.845315],[16.028637,45.845366],[16.028743,45.845305],[16.029189,45.845383],[16.029105,45.845422],[16.02909,45.845471],[16.029082,45.845587],[16.029068,45.84572],[16.029016,45.845971],[16.029045,45.846146],[16.02908,45.84646],[16.029111,45.8468],[16.029198,45.846948],[16.029421,45.84718],[16.029639,45.847425],[16.029709,45.848141],[16.029786,45.848629],[16.029536,45.849017],[16.029393,45.849245],[16.029188,45.849568],[16.029068,45.849839],[16.029076,45.849977],[16.028803,45.850085],[16.028709,45.850213],[16.028593,45.850309],[16.028446,45.850593],[16.028177,45.850909],[16.02799,45.851119],[16.027763,45.851337],[16.027471,45.851868],[16.027279,45.852264],[16.026956,45.853156],[16.026891,45.853277],[16.026781,45.853427],[16.02629,45.853884],[16.026235,45.853982],[16.026154,45.854209],[16.026077,45.854297],[16.025931,45.854448],[16.025706,45.854829],[16.025689,45.854925],[16.02573,45.85505],[16.025894,45.855368],[16.02591,45.855475],[16.025923,45.855663],[16.026013,45.855827],[16.026148,45.85592],[16.025986,45.856075],[16.025973,45.856146],[16.026068,45.856397],[16.02613,45.856421],[16.026203,45.856436],[16.026251,45.856454],[16.026281,45.85647],[16.026295,45.856495],[16.026274,45.85652],[16.026182,45.856536],[16.026028,45.856657],[16.02586,45.856759],[16.025835,45.856817],[16.02586,45.856884],[16.025989,45.85696],[16.025863,45.857216],[16.025867,45.857378],[16.025566,45.857633],[16.025373,45.857888],[16.025121,45.858276],[16.024979,45.858494],[16.024939,45.858663],[16.024657,45.859081],[16.024711,45.859174],[16.024532,45.859624],[16.024344,45.859818],[16.024181,45.860169],[16.024193,45.860262],[16.024619,45.860489],[16.024618,45.860655],[16.024873,45.860657],[16.025015,45.860755],[16.025155,45.861316],[16.025412,45.861553],[16.025544,45.861731],[16.025688,45.861773],[16.025748,45.8619],[16.025712,45.862079],[16.026195,45.863167],[16.026176,45.86353],[16.02584,45.863847],[16.025838,45.864052],[16.025806,45.864421],[16.025882,45.864513],[16.025718,45.864592],[16.025692,45.864633],[16.025836,45.864846],[16.025817,45.865195],[16.025715,45.865429],[16.025944,45.865633],[16.026219,45.865883],[16.026186,45.866008],[16.02623,45.866215],[16.026781,45.866661],[16.02702,45.867192],[16.027114,45.867969],[16.027004,45.868048],[16.026886,45.868185],[16.026819,45.868528],[16.026361,45.869242],[16.02596,45.869819],[16.025716,45.869955],[16.025547,45.870122],[16.0252,45.870375],[16.024104,45.870763],[16.023402,45.871561],[16.023094,45.871742],[16.022982,45.871837],[16.022897,45.871935],[16.022774,45.872103],[16.022453,45.872806],[16.022554,45.873016],[16.02533,45.87363],[16.025418,45.873396],[16.025738,45.87352],[16.026691,45.874344],[16.026674,45.874423],[16.028439,45.874678],[16.028377,45.874604],[16.028974,45.8747],[16.029703,45.874749],[16.030235,45.874728],[16.030234,45.874659],[16.031139,45.874613],[16.032331,45.8745],[16.032651,45.874754],[16.033237,45.874879],[16.033346,45.876],[16.033493,45.875995],[16.033522,45.87613],[16.033472,45.876244],[16.033332,45.876239],[16.033282,45.876307],[16.033402,45.876493],[16.033547,45.876576],[16.03361,45.876681],[16.033523,45.876731],[16.033338,45.876756],[16.03319,45.876715],[16.033021,45.876713],[16.032986,45.876897],[16.032804,45.87712],[16.032808,45.87742],[16.032645,45.877757],[16.03317,45.878171],[16.033201,45.878321],[16.033062,45.878647],[16.033074,45.878713],[16.03294,45.878895],[16.032732,45.879045],[16.032638,45.879135],[16.032547,45.879305],[16.032536,45.879535],[16.034373,45.879504],[16.034389,45.8797],[16.034568,45.880317],[16.034716,45.880641],[16.034958,45.880957],[16.035167,45.8813],[16.0353,45.881613],[16.035298,45.881788],[16.035262,45.881899],[16.035198,45.882104],[16.035179,45.882233],[16.035219,45.882413],[16.035354,45.882926],[16.035483,45.883054],[16.035721,45.883397],[16.035955,45.883582],[16.036586,45.883685],[16.036967,45.883698],[16.037583,45.883668],[16.038065,45.883615],[16.038098,45.883561],[16.038143,45.883519],[16.038296,45.8835],[16.038515,45.883508],[16.038802,45.883605],[16.038979,45.883746],[16.038895,45.883823],[16.038552,45.884017],[16.038282,45.884045],[16.039109,45.884732],[16.038853,45.884835],[16.038922,45.885344],[16.038518,45.885379],[16.038474,45.885624],[16.037616,45.886127],[16.037491,45.886658],[16.037417,45.886782],[16.037364,45.887048],[16.037271,45.887439],[16.03787,45.88735],[16.037834,45.887521],[16.038132,45.887583],[16.038157,45.887525],[16.038341,45.887526],[16.038663,45.887573],[16.038504,45.888079],[16.038585,45.888062],[16.038761,45.888093],[16.03921,45.888052],[16.039193,45.888112],[16.03938,45.888118],[16.039629,45.88816],[16.039876,45.888253],[16.04,45.888071],[16.040545,45.888308],[16.040732,45.888081],[16.041026,45.888228],[16.041315,45.888298],[16.041356,45.888446],[16.0417,45.889062],[16.041728,45.889482],[16.041466,45.889761],[16.041278,45.889882],[16.041367,45.890175],[16.040919,45.890248],[16.040488,45.890316],[16.03999,45.890232],[16.039762,45.890366],[16.039034,45.890552],[16.03874,45.890582],[16.038582,45.890641],[16.038697,45.890832],[16.038709,45.891695],[16.039171,45.891826],[16.039003,45.891997],[16.038451,45.892107],[16.03826,45.892391],[16.03937,45.892767],[16.039246,45.893005],[16.03991,45.893318],[16.040241,45.893376],[16.040327,45.89347],[16.041013,45.893458],[16.041021,45.893553],[16.041125,45.893675],[16.041639,45.894106],[16.042038,45.894387],[16.042479,45.894538],[16.042616,45.894672],[16.042534,45.895179],[16.042574,45.895463],[16.042546,45.89565],[16.042447,45.896062],[16.042653,45.896483],[16.042758,45.896791],[16.042585,45.897474],[16.042717,45.897954],[16.042618,45.898361],[16.042479,45.899149],[16.042877,45.899577],[16.042954,45.899692],[16.042972,45.899772],[16.042902,45.900025],[16.042484,45.900707],[16.04231,45.900893],[16.041889,45.901224],[16.041624,45.901448],[16.04155,45.901558],[16.041573,45.90185],[16.041587,45.902289],[16.041677,45.902446],[16.042138,45.902948],[16.042499,45.903212],[16.043033,45.90377],[16.043195,45.904065],[16.043345,45.904405],[16.043358,45.904594],[16.04329,45.904783],[16.043013,45.90533],[16.042983,45.905464],[16.042971,45.905626],[16.042971,45.905856],[16.042976,45.906361],[16.043152,45.90665],[16.043175,45.906763],[16.043697,45.907062],[16.043977,45.907258],[16.044652,45.907832],[16.044909,45.908162],[16.045197,45.908337],[16.045446,45.908714],[16.045577,45.908824],[16.045788,45.90895],[16.046004,45.909023],[16.046224,45.909067],[16.046408,45.909073],[16.046648,45.909151],[16.046857,45.909291],[16.047035,45.909506],[16.04714,45.909777],[16.047369,45.910234],[16.047832,45.910979],[16.047993,45.911218],[16.048302,45.911493],[16.048723,45.911718],[16.049162,45.912295],[16.04934,45.912542],[16.049392,45.912684],[16.049385,45.913057],[16.049546,45.91306],[16.049353,45.914167],[16.049397,45.914423],[16.049469,45.914414],[16.050014,45.91475],[16.049545,45.915494],[16.049754,45.915806],[16.049558,45.916401],[16.049565,45.916558],[16.049296,45.916954],[16.049228,45.917195],[16.049307,45.917366],[16.049389,45.917625],[16.049064,45.918171],[16.048878,45.918491],[16.048844,45.91915],[16.04894,45.920409],[16.048994,45.920895],[16.049088,45.921104],[16.049344,45.921397],[16.050227,45.921877],[16.050176,45.922189],[16.049984,45.922927],[16.049951,45.923321],[16.050134,45.923811],[16.050205,45.924696],[16.050086,45.925208],[16.050279,45.925587],[16.050425,45.925969],[16.051129,45.926647],[16.05127,45.926807],[16.051314,45.926966],[16.051235,45.92722],[16.050998,45.927648],[16.050827,45.928185],[16.050358,45.928621],[16.050109,45.928744],[16.049632,45.928826],[16.049328,45.928952],[16.049051,45.929168],[16.048521,45.929298],[16.048102,45.929597],[16.047824,45.929896],[16.046888,45.931502],[16.046727,45.932028],[16.046767,45.932521],[16.046769,45.933595],[16.046351,45.934182],[16.04602,45.934469],[16.046007,45.93461],[16.046443,45.935324],[16.046916,45.935921],[16.047038,45.935952],[16.047218,45.935928],[16.047328,45.935957],[16.04766,45.936394],[16.047369,45.936751],[16.047313,45.937146],[16.047426,45.937673],[16.047132,45.937974],[16.046322,45.938496],[16.0456,45.938778],[16.044756,45.939003],[16.0441,45.939119],[16.043397,45.938827],[16.042624,45.938585],[16.041518,45.938764],[16.040578,45.938901],[16.040017,45.939237],[16.039576,45.939295],[16.038933,45.939293],[16.038093,45.93914],[16.037456,45.938873],[16.036696,45.938417],[16.033283,45.938051],[16.031718,45.937582],[16.030624,45.93727],[16.030667,45.935886],[16.030206,45.934592],[16.029728,45.934241],[16.028097,45.934193],[16.027694,45.934328],[16.027021,45.934002],[16.024545,45.932686],[16.023472,45.932378],[16.022581,45.931779],[16.020802,45.931108],[16.019773,45.931038],[16.017824,45.93071],[16.016552,45.930684],[16.015301,45.93049],[16.013738,45.930117],[16.012799,45.930226],[16.011977,45.930194],[16.011481,45.930322],[16.011032,45.930259],[16.010645,45.9303],[16.010066,45.930474],[16.00983,45.930465],[16.009312,45.930184],[16.008838,45.930092],[16.008736,45.929989],[16.00852,45.929513],[16.008339,45.929374],[16.00828,45.929176],[16.008227,45.929096],[16.008048,45.928959],[16.007513,45.928978],[16.006935,45.928899],[16.006307,45.928797],[16.006245,45.928781],[16.005678,45.928597],[16.00546,45.928446],[16.004291,45.927864],[16.003434,45.926916],[16.002367,45.926453],[16.001333,45.925889],[16.00062,45.924115],[15.999988,45.923367],[15.999116,45.923034],[15.997483,45.922678],[15.995377,45.922412],[15.993645,45.922188],[15.992041,45.922101],[15.99164,45.921742],[15.991235,45.921641],[15.990318,45.921145],[15.989571,45.920547],[15.988866,45.92023],[15.987949,45.920179],[15.986991,45.919516],[15.985493,45.917989],[15.984823,45.917604],[15.984108,45.917561],[15.982871,45.917282],[15.981331,45.916853],[15.980349,45.916681],[15.978307,45.916214],[15.976756,45.915515],[15.975499,45.915136],[15.974946,45.914871],[15.974334,45.913357],[15.973353,45.912356],[15.972451,45.911543],[15.971841,45.909834],[15.970613,45.908238],[15.969439,45.907838],[15.968422,45.907506],[15.968293,45.907092],[15.968242,45.907094],[15.967892,45.907113],[15.967629,45.907219],[15.966742,45.907384],[15.966076,45.907331],[15.965761,45.90736],[15.965397,45.907355],[15.964968,45.907124],[15.964365,45.906981],[15.963491,45.906285],[15.962848,45.905505],[15.961516,45.904642],[15.960333,45.903903],[15.958841,45.903197],[15.958195,45.90279],[15.957936,45.901966],[15.95756,45.9018],[15.956793,45.90159],[15.956056,45.901456],[15.955797,45.901364],[15.955207,45.900965],[15.953086,45.901126],[15.952358,45.901134],[15.950576,45.90098],[15.949576,45.900965],[15.949165,45.900902],[15.948791,45.900741],[15.948552,45.900562],[15.948323,45.900254],[15.947812,45.8997],[15.947579,45.899499],[15.947452,45.899244],[15.946772,45.899011],[15.946381,45.898958],[15.945821,45.898748],[15.945592,45.898627],[15.945233,45.898357],[15.944853,45.898174],[15.944726,45.897973],[15.944512,45.897932],[15.943733,45.897784],[15.943382,45.89765],[15.942933,45.897419],[15.942133,45.896822],[15.941852,45.896724],[15.941743,45.896498],[15.941452,45.896392],[15.941363,45.896221],[15.940958,45.896021],[15.940282,45.895558],[15.939537,45.894903],[15.939163,45.894416],[15.938956,45.893647],[15.937978,45.89249],[15.93725,45.892096],[15.936645,45.891756],[15.936383,45.891481],[15.936304,45.891184],[15.935803,45.890567],[15.93511,45.889875],[15.934754,45.890033],[15.933649,45.889657],[15.933599,45.889586],[15.933458,45.889382],[15.932921,45.889488],[15.932282,45.88951],[15.931625,45.88944],[15.930934,45.889124],[15.930337,45.888555],[15.930137,45.888109],[15.928988,45.887895],[15.928227,45.88808],[15.927141,45.888244],[15.926211,45.88822],[15.924609,45.889743],[15.924248,45.889852],[15.923629,45.889828],[15.922578,45.889651],[15.922343,45.889555]]]]}},{"type":"Feature","properties":{"city":"Zagreb","name":"Podsused - Vrapče","osm_relation":3174275},"geometry":{"type":"MultiPolygon","coordinates":[[[[15.823541,45.82684],[15.823095,45.825317],[15.823543,45.825132],[15.823748,45.824817],[15.823828,45.824182],[15.823866,45.823552],[15.824378,45.82287],[15.82452,45.822414],[15.825021,45.822068],[15.825328,45.821778],[15.825403,45.821377],[15.826393,45.820121],[15.826643,45.820085],[15.826881,45.819872],[15.826993,45.81971],[15.827123,45.819447],[15.827397,45.819074],[15.827657,45.818816],[15.827725,45.81858],[15.829671,45.815534],[15.829709,45.815114],[15.831217,45.813367],[15.831249,45.813331],[15.831566,45.812989],[15.832531,45.811895],[15.833582,45.810591],[15.834764,45.809351],[15.835569,45.808587],[15.836757,45.807524],[15.837221,45.807184],[15.837807,45.806778],[15.839189,45.805803],[15.840503,45.804932],[15.841743,45.804017],[15.842462,45.803424],[15.843039,45.802885],[15.843565,45.802338],[15.844082,45.801785],[15.844556,45.801209],[15.845471,45.800025],[15.846562,45.798649],[15.847641,45.797294],[15.849417,45.798044],[15.851944,45.799061],[15.852212,45.799375],[15.852212,45.799508],[15.85214,45.799657],[15.852128,45.799809],[15.852307,45.80018],[15.852545,45.800412],[15.852643,45.800463],[15.853075,45.800841],[15.853496,45.800997],[15.853298,45.801143],[15.852947,45.801512],[15.853632,45.801879],[15.853656,45.801926],[15.85386,45.80197],[15.854586,45.802045],[15.854739,45.802078],[15.854829,45.802121],[15.854951,45.80229],[15.855967,45.802047],[15.857136,45.80183],[15.857186,45.801834],[15.857236,45.801845],[15.857291,45.801871],[15.85732,45.801897],[15.857337,45.801924],[15.857799,45.803624],[15.857761,45.80363],[15.857785,45.803724],[15.85782,45.803719],[15.858514,45.80627],[15.858509,45.806304],[15.858494,45.806337],[15.858598,45.806688],[15.858645,45.806731],[15.859093,45.808393],[15.859054,45.808399],[15.859743,45.810954],[15.85984,45.811353],[15.859908,45.811347],[15.860301,45.8123],[15.860303,45.812344],[15.860285,45.812382],[15.860252,45.812412],[15.860208,45.812428],[15.860047,45.812456],[15.860062,45.812497],[15.86034,45.812604],[15.860519,45.812571],[15.860564,45.812585],[15.860987,45.812844],[15.861237,45.812953],[15.861385,45.812998],[15.861604,45.813054],[15.861704,45.813072],[15.861795,45.813084],[15.862439,45.813128],[15.862666,45.813168],[15.86288,45.813293],[15.863133,45.813498],[15.863258,45.813739],[15.86328,45.813857],[15.864457,45.813792],[15.864471,45.813941],[15.869133,45.813695],[15.869133,45.813627],[15.869297,45.813622],[15.869296,45.81369],[15.869351,45.813645],[15.869394,45.813624],[15.869454,45.813612],[15.870787,45.813528],[15.871751,45.813447],[15.872722,45.813329],[15.872817,45.813315],[15.87282,45.81339],[15.87278,45.813401],[15.872782,45.81353],[15.872797,45.813624],[15.87368,45.813589],[15.874107,45.813601],[15.877403,45.813411],[15.877688,45.813359],[15.878021,45.813338],[15.878731,45.813347],[15.878937,45.813341],[15.880975,45.813226],[15.880973,45.813203],[15.885864,45.81294],[15.886932,45.812859],[15.886934,45.812883],[15.89287,45.812558],[15.894434,45.812486],[15.894433,45.812607],[15.895401,45.812556],[15.895668,45.812552],[15.896413,45.812573],[15.896209,45.812378],[15.896703,45.812381],[15.905141,45.811917],[15.905314,45.811939],[15.90646,45.811869],[15.906687,45.811827],[15.908181,45.811749],[15.912862,45.811465],[15.916963,45.811251],[15.916851,45.81157],[15.916806,45.812391],[15.916689,45.812852],[15.916501,45.812831],[15.915952,45.813555],[15.91575,45.814533],[15.91531,45.814502],[15.915138,45.814659],[15.915152,45.814901],[15.91506,45.814929],[15.915012,45.814999],[15.915037,45.815257],[15.914979,45.815901],[15.914787,45.816013],[15.914757,45.816454],[15.914955,45.81669],[15.914874,45.816968],[15.914687,45.817074],[15.914531,45.817095],[15.914228,45.817056],[15.914033,45.817059],[15.913941,45.817119],[15.91395,45.817349],[15.913902,45.817518],[15.91358,45.817793],[15.913542,45.817969],[15.913155,45.818091],[15.913673,45.818788],[15.913748,45.81887],[15.913777,45.818963],[15.913828,45.819112],[15.913998,45.819385],[15.914169,45.819515],[15.914391,45.819659],[15.914531,45.819761],[15.91411,45.820047],[15.91339,45.819972],[15.913104,45.819906],[15.912563,45.820106],[15.91225,45.820177],[15.912208,45.820257],[15.91223,45.820338],[15.912614,45.820654],[15.912656,45.820725],[15.912658,45.82079],[15.912605,45.820827],[15.912256,45.820982],[15.912376,45.821104],[15.912509,45.821282],[15.912639,45.821501],[15.912719,45.821718],[15.912762,45.821975],[15.912826,45.822253],[15.912888,45.822382],[15.912987,45.822466],[15.913359,45.822674],[15.913366,45.822752],[15.913336,45.822764],[15.913322,45.822777],[15.913351,45.823089],[15.913433,45.823906],[15.913582,45.824326],[15.913755,45.824653],[15.913869,45.82505],[15.914025,45.825386],[15.914103,45.825686],[15.91409,45.826107],[15.914103,45.826334],[15.914018,45.826688],[15.914111,45.826835],[15.913966,45.826876],[15.913637,45.827212],[15.913507,45.827344],[15.912712,45.827897],[15.912381,45.828093],[15.912198,45.828235],[15.911754,45.828681],[15.911612,45.828775],[15.91152,45.828821],[15.911369,45.828884],[15.911177,45.828898],[15.911196,45.828987],[15.911202,45.829048],[15.91118,45.829136],[15.911077,45.829286],[15.910809,45.829465],[15.91052,45.829724],[15.910368,45.829957],[15.910352,45.83001],[15.910337,45.830152],[15.910374,45.83027],[15.910451,45.830395],[15.910636,45.830601],[15.910664,45.830669],[15.910699,45.830752],[15.910715,45.83092],[15.910877,45.83147],[15.911154,45.831789],[15.911229,45.832011],[15.911233,45.832213],[15.911293,45.832497],[15.911411,45.832818],[15.911632,45.832984],[15.911762,45.833065],[15.911847,45.833079],[15.911996,45.833344],[15.912021,45.833543],[15.912053,45.833651],[15.912154,45.83378],[15.912252,45.833833],[15.912164,45.833909],[15.912108,45.834248],[15.91216,45.834552],[15.912137,45.834635],[15.911873,45.834963],[15.911668,45.835263],[15.911636,45.835384],[15.911562,45.835421],[15.91146,45.835524],[15.911344,45.835754],[15.911259,45.835868],[15.911124,45.835968],[15.911078,45.836045],[15.91107,45.836115],[15.911075,45.836171],[15.910995,45.83613],[15.910973,45.83616],[15.911242,45.836323],[15.911358,45.836433],[15.911409,45.836529],[15.911516,45.836682],[15.911598,45.837047],[15.911851,45.837611],[15.911758,45.838264],[15.911668,45.838508],[15.911584,45.839066],[15.911449,45.839521],[15.911447,45.839644],[15.911612,45.839899],[15.911623,45.839987],[15.911654,45.840243],[15.912101,45.840926],[15.91221,45.841014],[15.912585,45.841062],[15.912647,45.841112],[15.912577,45.841132],[15.912527,45.841175],[15.9125,45.841224],[15.912507,45.841314],[15.912532,45.841419],[15.912514,45.841509],[15.912337,45.841651],[15.912027,45.841799],[15.911943,45.841903],[15.911508,45.842375],[15.911373,45.842555],[15.911282,45.84263],[15.911193,45.842649],[15.910907,45.842671],[15.910563,45.842784],[15.910244,45.842781],[15.910118,45.842306],[15.909434,45.841884],[15.908931,45.842016],[15.908438,45.841009],[15.908442,45.840824],[15.90837,45.841021],[15.908038,45.841341],[15.907913,45.841533],[15.907058,45.842069],[15.906821,45.842738],[15.90652,45.84316],[15.906445,45.843573],[15.905979,45.844101],[15.905836,45.844465],[15.905563,45.844808],[15.905293,45.845032],[15.904877,45.845076],[15.90485,45.844895],[15.904794,45.844797],[15.904614,45.844753],[15.904417,45.844736],[15.904196,45.844708],[15.903889,45.844612],[15.903455,45.844549],[15.900415,45.843057],[15.899953,45.843758],[15.899905,45.84405],[15.900299,45.845156],[15.900209,45.845428],[15.900599,45.846051],[15.900966,45.846302],[15.903056,45.849111],[15.90339,45.849437],[15.903086,45.849725],[15.90337,45.850023],[15.904036,45.850054],[15.904674,45.850193],[15.904664,45.850704],[15.905769,45.851345],[15.906074,45.851779],[15.906638,45.852045],[15.907424,45.852603],[15.90782,45.852905],[15.908886,45.853383],[15.909174,45.853677],[15.909937,45.854225],[15.91044,45.854696],[15.910885,45.855145],[15.911089,45.855408],[15.910969,45.855993],[15.911206,45.856849],[15.911418,45.857728],[15.911755,45.858169],[15.911331,45.85948],[15.911422,45.860215],[15.911243,45.860626],[15.911454,45.860931],[15.910728,45.861594],[15.910471,45.861668],[15.909945,45.861763],[15.909528,45.861998],[15.909446,45.862344],[15.909746,45.862771],[15.909411,45.863071],[15.908871,45.863725],[15.908158,45.864292],[15.907983,45.864868],[15.907082,45.865418],[15.906532,45.866077],[15.905803,45.866491],[15.90525,45.867149],[15.904988,45.867568],[15.90497,45.868311],[15.905257,45.868518],[15.90558,45.869036],[15.905797,45.869994],[15.905943,45.870128],[15.906012,45.870741],[15.906033,45.871843],[15.90632,45.872725],[15.906462,45.873104],[15.9063,45.873873],[15.906411,45.87482],[15.906446,45.875663],[15.90675,45.876249],[15.907537,45.876676],[15.907957,45.876737],[15.908429,45.876833],[15.908881,45.877106],[15.90948,45.877533],[15.909968,45.877932],[15.910313,45.878536],[15.910619,45.879174],[15.911271,45.879578],[15.9119,45.880449],[15.912777,45.881719],[15.913054,45.882038],[15.913712,45.882942],[15.914387,45.883574],[15.914683,45.884257],[15.915167,45.884473],[15.915705,45.884586],[15.916302,45.88493],[15.916786,45.885198],[15.918061,45.885389],[15.918765,45.885561],[15.918851,45.886136],[15.918593,45.886647],[15.918517,45.887308],[15.918329,45.887831],[15.914214,45.887784],[15.913537,45.887657],[15.912443,45.887355],[15.911419,45.886863],[15.909887,45.886604],[15.908958,45.886754],[15.908806,45.886482],[15.908371,45.885941],[15.907907,45.885787],[15.907108,45.886079],[15.90614,45.886318],[15.904726,45.886035],[15.903586,45.885417],[15.902233,45.884181],[15.900592,45.882092],[15.900331,45.881767],[15.899641,45.881704],[15.898075,45.881842],[15.897371,45.881698],[15.896675,45.88124],[15.895055,45.879778],[15.893384,45.877683],[15.892691,45.877582],[15.891605,45.876964],[15.890475,45.876195],[15.890046,45.875708],[15.8897,45.874815],[15.889234,45.873323],[15.888974,45.87222],[15.888576,45.871058],[15.888339,45.869953],[15.888103,45.869792],[15.886972,45.869351],[15.886619,45.868888],[15.886302,45.868216],[15.885933,45.867596],[15.885971,45.865975],[15.885921,45.865766],[15.885739,45.865461],[15.885742,45.865204],[15.885815,45.864948],[15.886116,45.864656],[15.88663,45.864332],[15.886827,45.863849],[15.886881,45.863554],[15.886795,45.863313],[15.886601,45.863028],[15.886392,45.86287],[15.88632,45.862682],[15.886222,45.862542],[15.886142,45.86251],[15.886054,45.862506],[15.885921,45.862529],[15.885761,45.862496],[15.885649,45.862413],[15.885357,45.8621],[15.885112,45.862305],[15.884925,45.862412],[15.884554,45.862502],[15.884135,45.862391],[15.88379,45.862233],[15.883601,45.862013],[15.88304,45.861955],[15.882643,45.862063],[15.881629,45.862886],[15.88087,45.863444],[15.880362,45.864299],[15.87962,45.864513],[15.878616,45.865227],[15.87796,45.865329],[15.877437,45.865308],[15.877325,45.864919],[15.878329,45.864212],[15.87895,45.863268],[15.878626,45.862708],[15.877303,45.861656],[15.877059,45.861796],[15.876707,45.861867],[15.876329,45.8618],[15.876071,45.86169],[15.875665,45.861403],[15.875868,45.862114],[15.875261,45.862122],[15.874671,45.861766],[15.873916,45.86115],[15.873686,45.860429],[15.8737,45.860099],[15.873725,45.859617],[15.874016,45.859263],[15.875386,45.858433],[15.876427,45.858034],[15.874555,45.857551],[15.874307,45.857545],[15.874096,45.85764],[15.87385,45.857822],[15.873564,45.857775],[15.873731,45.856022],[15.873984,45.855632],[15.87376,45.855456],[15.873552,45.854902],[15.873433,45.85475],[15.871572,45.854039],[15.87141,45.854475],[15.870608,45.854728],[15.8694,45.854465],[15.86807,45.854413],[15.866653,45.853057],[15.865445,45.853017],[15.86405,45.852476],[15.861178,45.853309],[15.860714,45.853268],[15.860029,45.852889],[15.859515,45.852722],[15.859189,45.852827],[15.859245,45.853661],[15.859592,45.854359],[15.85924,45.855161],[15.858255,45.855001],[15.85723,45.853956],[15.854754,45.854005],[15.852891,45.852897],[15.852531,45.852924],[15.851887,45.853046],[15.851406,45.852758],[15.850531,45.851339],[15.850902,45.849819],[15.850738,45.849419],[15.851298,45.848299],[15.850036,45.848439],[15.849611,45.847473],[15.849006,45.847232],[15.848559,45.846999],[15.848005,45.846363],[15.846844,45.846002],[15.846118,45.845751],[15.84518,45.845167],[15.84479,45.844647],[15.844741,45.843976],[15.844535,45.842924],[15.845662,45.841083],[15.844749,45.841028],[15.841464,45.840005],[15.841014,45.839769],[15.840335,45.839593],[15.839405,45.8398],[15.838042,45.840398],[15.837464,45.840668],[15.837392,45.840584],[15.83644,45.840799],[15.83584,45.840814],[15.834909,45.84095],[15.833855,45.841046],[15.833164,45.841129],[15.832381,45.841325],[15.83191,45.841531],[15.831839,45.841606],[15.831389,45.841632],[15.83127,45.841619],[15.830905,45.841643],[15.830706,45.841717],[15.830475,45.841561],[15.829922,45.841905],[15.829381,45.842065],[15.829321,45.841674],[15.829218,45.841423],[15.829066,45.841169],[15.828651,45.840792],[15.828439,45.840533],[15.827997,45.840225],[15.827242,45.839903],[15.826475,45.839724],[15.825776,45.839674],[15.824724,45.839607],[15.823162,45.839454],[15.822647,45.839276],[15.822181,45.838989],[15.821712,45.838295],[15.821717,45.838011],[15.821875,45.837734],[15.82213,45.837538],[15.82304,45.837113],[15.824136,45.836703],[15.824234,45.836546],[15.824289,45.836358],[15.82424,45.836143],[15.82415,45.835942],[15.823997,45.835747],[15.823384,45.83507],[15.823087,45.834855],[15.822096,45.834205],[15.822007,45.834086],[15.821815,45.833647],[15.821769,45.83331],[15.821777,45.833071],[15.821809,45.832946],[15.822051,45.832591],[15.822594,45.831983],[15.822736,45.831782],[15.822898,45.83139],[15.823112,45.830429],[15.823307,45.829718],[15.823419,45.828771],[15.823468,45.828345],[15.823604,45.827779],[15.823541,45.82684]]]]}},{"type":"Feature","properties":{"city":"Zagreb","name":"Sesvete","osm_relation":3173895},"geometry":{"type":"MultiPolygon","coordinates":[[[[16.051809,45.937443],[16.05261,45.93724],[16.05294,45.937239],[16.053406,45.93693],[16.05371,45.93625],[16.053973,45.935936],[16.054117,45.935847],[16.05479,45.935603],[16.055145,45.935213],[16.055462,45.934594],[16.055923,45.934315],[16.056837,45.934082],[16.056833,45.934245],[16.057284,45.934296],[16.058146,45.934102],[16.05845,45.933749],[16.058792,45.933625],[16.059085,45.933372],[16.059129,45.933075],[16.059825,45.933027],[16.060497,45.932815],[16.061191,45.932502],[16.0618,45.931708],[16.061802,45.931639],[16.061886,45.93145],[16.061807,45.931334],[16.06163,45.930963],[16.061611,45.930668],[16.061564,45.929766],[16.062128,45.929454],[16.062552,45.92907],[16.062735,45.928952],[16.063001,45.928606],[16.063528,45.928138],[16.063748,45.928016],[16.064074,45.92768],[16.064152,45.927407],[16.064067,45.927239],[16.064104,45.926594],[16.064229,45.926478],[16.064577,45.926467],[16.065023,45.926432],[16.0653,45.926595],[16.065509,45.926592],[16.065786,45.926685],[16.066099,45.926606],[16.066574,45.926705],[16.067151,45.926687],[16.067909,45.926373],[16.067948,45.926339],[16.068037,45.926086],[16.068024,45.925636],[16.06788,45.925394],[16.067948,45.924964],[16.068217,45.924426],[16.068216,45.9243],[16.067993,45.923585],[16.067952,45.923274],[16.067751,45.922882],[16.06759,45.922468],[16.067857,45.922167],[16.068612,45.92167],[16.069039,45.921611],[16.070057,45.921522],[16.070553,45.921517],[16.070775,45.921428],[16.070909,45.92127],[16.070961,45.921137],[16.071057,45.921133],[16.071506,45.920695],[16.071967,45.920442],[16.072001,45.920308],[16.072248,45.920031],[16.072538,45.919908],[16.073074,45.919797],[16.073797,45.919979],[16.074009,45.919939],[16.074553,45.919909],[16.075176,45.919823],[16.076318,45.920097],[16.077201,45.920413],[16.077479,45.920405],[16.078861,45.920702],[16.079418,45.920705],[16.079718,45.920753],[16.080058,45.920895],[16.080133,45.920891],[16.080004,45.920704],[16.079703,45.920534],[16.079476,45.920308],[16.07948,45.920183],[16.079546,45.920117],[16.079164,45.919968],[16.078723,45.919972],[16.078678,45.920037],[16.078529,45.920028],[16.0783,45.919922],[16.078001,45.919871],[16.077662,45.919792],[16.077518,45.919856],[16.077072,45.919817],[16.076817,45.919764],[16.076449,45.919647],[16.076259,45.919529],[16.076061,45.9193],[16.07588,45.919055],[16.075661,45.918581],[16.075356,45.918001],[16.07485,45.917305],[16.074644,45.917197],[16.074461,45.916913],[16.074056,45.916705],[16.073909,45.916377],[16.073762,45.916109],[16.073777,45.915982],[16.073632,45.915758],[16.073516,45.915436],[16.073475,45.915212],[16.07339,45.91487],[16.07329,45.914423],[16.073285,45.914242],[16.073347,45.914084],[16.073304,45.913765],[16.073347,45.913545],[16.073423,45.912841],[16.073516,45.912601],[16.073345,45.912214],[16.073265,45.911724],[16.073268,45.911454],[16.0732,45.911035],[16.073238,45.910737],[16.073178,45.91043],[16.073145,45.910132],[16.073128,45.909492],[16.073125,45.909144],[16.07313,45.908955],[16.073182,45.908617],[16.073194,45.908456],[16.073144,45.908063],[16.073201,45.907481],[16.073177,45.907181],[16.073105,45.906843],[16.072963,45.906593],[16.072456,45.906095],[16.072193,45.905726],[16.072158,45.90542],[16.072087,45.905102],[16.071779,45.904781],[16.07153,45.904521],[16.071157,45.904251],[16.070694,45.904024],[16.070361,45.90374],[16.070048,45.903339],[16.069969,45.903131],[16.070232,45.902451],[16.070372,45.902018],[16.070733,45.901508],[16.070818,45.901424],[16.071335,45.901182],[16.07176,45.900907],[16.072149,45.900703],[16.07259,45.900573],[16.072909,45.900538],[16.072918,45.900395],[16.072581,45.900237],[16.072104,45.900085],[16.072192,45.899436],[16.072173,45.899266],[16.072143,45.899192],[16.07188,45.899218],[16.071794,45.898968],[16.071494,45.898585],[16.071161,45.897456],[16.071096,45.897415],[16.071057,45.897242],[16.070805,45.89713],[16.070788,45.896959],[16.070411,45.896705],[16.070027,45.896421],[16.069482,45.896185],[16.069713,45.895919],[16.06982,45.89575],[16.069881,45.895579],[16.069906,45.895336],[16.069927,45.895233],[16.070274,45.894821],[16.070281,45.894726],[16.070333,45.894636],[16.070454,45.894528],[16.07053,45.89447],[16.070887,45.893903],[16.071075,45.893462],[16.071178,45.893191],[16.071257,45.892817],[16.071317,45.892466],[16.071685,45.892206],[16.071808,45.891931],[16.071938,45.891795],[16.07232,45.891595],[16.072692,45.891484],[16.073409,45.891162],[16.074238,45.891087],[16.075098,45.890887],[16.075791,45.890618],[16.076762,45.89045],[16.076903,45.890374],[16.077091,45.890076],[16.077186,45.890021],[16.07835,45.889761],[16.079028,45.889606],[16.079392,45.889488],[16.080557,45.889003],[16.081398,45.888327],[16.082034,45.888122],[16.082436,45.887754],[16.082487,45.887242],[16.082427,45.887102],[16.082445,45.886905],[16.082582,45.886668],[16.082703,45.886357],[16.083012,45.886185],[16.083019,45.885984],[16.083102,45.885823],[16.083127,45.88564],[16.082946,45.885345],[16.082912,45.885192],[16.083045,45.884897],[16.083085,45.884631],[16.083048,45.883931],[16.083011,45.88378],[16.082915,45.883505],[16.082882,45.883409],[16.0829,45.883079],[16.08298,45.882933],[16.083268,45.882758],[16.083471,45.882394],[16.083259,45.882117],[16.083254,45.881951],[16.083548,45.881676],[16.084053,45.881354],[16.08431,45.881175],[16.084406,45.881068],[16.084647,45.880679],[16.084711,45.880692],[16.085128,45.880502],[16.085368,45.880299],[16.085374,45.88022],[16.085328,45.880104],[16.085337,45.879675],[16.085315,45.879653],[16.085831,45.879195],[16.086207,45.878773],[16.086691,45.878388],[16.086881,45.878219],[16.087233,45.877848],[16.087478,45.877715],[16.087947,45.877376],[16.088205,45.877232],[16.088819,45.877044],[16.089466,45.876914],[16.089805,45.876905],[16.090143,45.876831],[16.091256,45.87635],[16.09154,45.876289],[16.091676,45.876181],[16.091961,45.875838],[16.092165,45.875638],[16.092456,45.875431],[16.092854,45.874909],[16.092982,45.874775],[16.093176,45.874223],[16.093233,45.87423],[16.093294,45.874147],[16.093387,45.874073],[16.093578,45.874017],[16.093842,45.874031],[16.094059,45.873986],[16.094216,45.873911],[16.094201,45.873891],[16.094339,45.873788],[16.094588,45.873399],[16.094722,45.87322],[16.094881,45.873036],[16.095006,45.872803],[16.095132,45.872404],[16.095253,45.872486],[16.095667,45.872326],[16.095726,45.871945],[16.095707,45.871803],[16.095761,45.871628],[16.095726,45.871099],[16.095921,45.870479],[16.095898,45.870348],[16.096042,45.870093],[16.095965,45.869965],[16.095864,45.869869],[16.095827,45.869836],[16.095565,45.869833],[16.094898,45.869654],[16.09368,45.86946],[16.092565,45.869401],[16.092264,45.869165],[16.09187,45.869292],[16.090437,45.869324],[16.08931,45.869039],[16.089019,45.869],[16.088736,45.868979],[16.088558,45.868979],[16.088326,45.869003],[16.088103,45.869035],[16.087768,45.8691],[16.087594,45.869126],[16.087366,45.869145],[16.087226,45.869128],[16.085841,45.868721],[16.08557,45.868682],[16.085387,45.868667],[16.084528,45.868688],[16.084119,45.868567],[16.083867,45.868443],[16.083132,45.867913],[16.082741,45.867444],[16.08254,45.86716],[16.082338,45.86678],[16.082156,45.866337],[16.081956,45.866156],[16.081807,45.865911],[16.081772,45.865852],[16.081642,45.865375],[16.081725,45.86485],[16.081779,45.864899],[16.081886,45.86478],[16.081972,45.864711],[16.082053,45.864659],[16.082309,45.864548],[16.082588,45.864461],[16.08296,45.864322],[16.083142,45.864183],[16.083487,45.863892],[16.083524,45.863858],[16.083555,45.86379],[16.083539,45.863573],[16.083461,45.863264],[16.083488,45.863133],[16.083516,45.8631],[16.083606,45.863019],[16.083768,45.862971],[16.083996,45.862837],[16.084052,45.862827],[16.084276,45.862715],[16.08455,45.862355],[16.084655,45.862199],[16.084831,45.861836],[16.085005,45.861629],[16.085238,45.861286],[16.085375,45.861168],[16.085737,45.861023],[16.086482,45.860839],[16.086685,45.860763],[16.087102,45.860599],[16.087454,45.860563],[16.087765,45.860635],[16.088019,45.860728],[16.088274,45.860821],[16.088388,45.860846],[16.088679,45.860849],[16.089531,45.860925],[16.0904,45.860816],[16.090742,45.860845],[16.09116,45.860842],[16.091584,45.860717],[16.091952,45.860672],[16.092254,45.86068],[16.092723,45.860724],[16.093005,45.86076],[16.093158,45.860754],[16.093329,45.860722],[16.093564,45.860639],[16.093752,45.86052],[16.093793,45.860384],[16.093896,45.860249],[16.094151,45.859959],[16.094292,45.85983],[16.094963,45.859423],[16.095101,45.859304],[16.09516,45.859153],[16.095179,45.859022],[16.095229,45.858947],[16.095504,45.858745],[16.095731,45.858588],[16.095824,45.85843],[16.096005,45.858363],[16.096432,45.858011],[16.096403,45.857993],[16.096839,45.857227],[16.096903,45.856933],[16.096853,45.856541],[16.096903,45.856269],[16.097012,45.85598],[16.097275,45.855546],[16.097477,45.855282],[16.097448,45.855014],[16.097429,45.854757],[16.097414,45.854634],[16.097342,45.854493],[16.097361,45.854316],[16.097326,45.854176],[16.097332,45.85403],[16.097313,45.853915],[16.097243,45.853691],[16.09712,45.853388],[16.096999,45.853112],[16.096736,45.85269],[16.096725,45.852642],[16.096746,45.852561],[16.096792,45.852499],[16.096926,45.852444],[16.097223,45.852382],[16.097288,45.85235],[16.097317,45.852304],[16.097331,45.852188],[16.097396,45.852069],[16.097408,45.851735],[16.09738,45.851498],[16.097415,45.851317],[16.097434,45.851174],[16.097392,45.850963],[16.097439,45.850779],[16.097603,45.850525],[16.097807,45.850159],[16.09782,45.850063],[16.0978,45.849961],[16.097738,45.849835],[16.097732,45.84978],[16.097759,45.849727],[16.097936,45.849582],[16.097981,45.84952],[16.097981,45.84938],[16.098027,45.849251],[16.098143,45.849164],[16.098402,45.848964],[16.098566,45.848791],[16.098631,45.848675],[16.098695,45.848507],[16.098739,45.848451],[16.098882,45.848382],[16.099142,45.848258],[16.099313,45.848118],[16.099416,45.848037],[16.099677,45.84797],[16.099868,45.84793],[16.099952,45.847871],[16.099974,45.8478],[16.099968,45.8477],[16.099925,45.847596],[16.099867,45.847493],[16.099759,45.847426],[16.099564,45.847311],[16.099409,45.847185],[16.099214,45.847073],[16.098874,45.84687],[16.098651,45.846709],[16.098532,45.846632],[16.098274,45.846505],[16.098103,45.846294],[16.097774,45.84585],[16.09776,45.845832],[16.097716,45.845817],[16.097652,45.845816],[16.097621,45.845795],[16.097585,45.845733],[16.097498,45.845733],[16.097433,45.845748],[16.097394,45.845769],[16.097379,45.845797],[16.09739,45.845831],[16.096806,45.845696],[16.096468,45.845641],[16.096258,45.845568],[16.095969,45.845549],[16.095588,45.845445],[16.095339,45.845322],[16.094651,45.845095],[16.094062,45.844835],[16.093984,45.844831],[16.093789,45.84462],[16.093421,45.844393],[16.093183,45.84431],[16.092715,45.844238],[16.092326,45.844172],[16.092175,45.84412],[16.091928,45.844096],[16.091758,45.844123],[16.09154,45.844229],[16.091406,45.844259],[16.091216,45.844284],[16.090895,45.844306],[16.090287,45.844347],[16.089414,45.844016],[16.088905,45.843909],[16.088112,45.843619],[16.08756,45.843377],[16.087434,45.843339],[16.087298,45.84343],[16.087128,45.843639],[16.08681,45.84332],[16.086735,45.843219],[16.086712,45.843072],[16.086334,45.842741],[16.085521,45.842453],[16.085195,45.842395],[16.084959,45.842379],[16.084201,45.842293],[16.083758,45.842259],[16.083517,45.842289],[16.083401,45.842273],[16.082913,45.842122],[16.082536,45.842096],[16.081619,45.842162],[16.080864,45.842429],[16.08071,45.842567],[16.080611,45.842535],[16.0805,45.842533],[16.080113,45.842589],[16.079972,45.842623],[16.079899,45.842719],[16.079762,45.842836],[16.079672,45.842913],[16.079611,45.842876],[16.079507,45.84284],[16.07965,45.842764],[16.079752,45.842708],[16.079773,45.84266],[16.07972,45.842604],[16.079642,45.842605],[16.079415,45.842237],[16.079378,45.842146],[16.079404,45.842109],[16.079323,45.841966],[16.079224,45.841987],[16.079211,45.841871],[16.07917,45.841813],[16.079058,45.841763],[16.07911,45.841674],[16.079035,45.841626],[16.079081,45.841571],[16.079092,45.841447],[16.07895,45.841287],[16.078845,45.841211],[16.078807,45.840943],[16.078864,45.840858],[16.078908,45.840676],[16.078889,45.840389],[16.078844,45.839874],[16.078804,45.839688],[16.078818,45.839326],[16.078745,45.838987],[16.078566,45.838537],[16.078006,45.837741],[16.077706,45.837276],[16.077405,45.836985],[16.077289,45.836752],[16.077289,45.836725],[16.077439,45.836726],[16.077582,45.836683],[16.077686,45.836629],[16.077814,45.836592],[16.078254,45.836364],[16.078533,45.836319],[16.078817,45.836222],[16.079222,45.836086],[16.079381,45.835976],[16.079527,45.835824],[16.079899,45.835617],[16.079968,45.835627],[16.080099,45.8356],[16.080162,45.835532],[16.080263,45.835453],[16.080396,45.835379],[16.080563,45.835341],[16.080692,45.835333],[16.081035,45.835303],[16.081431,45.835026],[16.081611,45.834942],[16.081728,45.834944],[16.082283,45.834876],[16.082563,45.834781],[16.08272,45.834777],[16.08284,45.834802],[16.082935,45.834663],[16.083074,45.83451],[16.083233,45.834289],[16.083359,45.834229],[16.083566,45.834143],[16.083691,45.834102],[16.083775,45.834041],[16.083881,45.834023],[16.083993,45.834037],[16.084146,45.834026],[16.084395,45.834058],[16.084467,45.834048],[16.084092,45.833175],[16.084253,45.833145],[16.084208,45.832855],[16.08293,45.829584],[16.082755,45.8296],[16.083039,45.829081],[16.0824,45.828704],[16.082392,45.828743],[16.082354,45.828775],[16.08229,45.828782],[16.082219,45.828746],[16.081912,45.829079],[16.081784,45.829106],[16.081492,45.829298],[16.081407,45.829226],[16.081184,45.82703],[16.081182,45.827004],[16.082695,45.826826],[16.083053,45.826782],[16.083214,45.826766],[16.083824,45.826682],[16.084655,45.826557],[16.084945,45.826514],[16.085129,45.826482],[16.085571,45.826395],[16.086184,45.826252],[16.08633,45.826217],[16.086583,45.826156],[16.086778,45.82612],[16.086877,45.826104],[16.086997,45.826094],[16.086964,45.82595],[16.086997,45.825909],[16.087006,45.825692],[16.087054,45.825611],[16.087175,45.825511],[16.0872,45.825442],[16.087437,45.825197],[16.087473,45.82517],[16.087465,45.825111],[16.087419,45.825067],[16.087408,45.824968],[16.087319,45.82495],[16.08731,45.824929],[16.087422,45.824661],[16.087398,45.824655],[16.087425,45.824592],[16.087468,45.82456],[16.087581,45.824483],[16.087811,45.824375],[16.087913,45.824304],[16.088404,45.823947],[16.088613,45.823753],[16.088856,45.823557],[16.088959,45.823424],[16.089132,45.823083],[16.089154,45.82288],[16.08918,45.822808],[16.089225,45.82274],[16.089439,45.822598],[16.089666,45.822403],[16.089867,45.82222],[16.090194,45.821931],[16.090632,45.821548],[16.091116,45.821173],[16.091174,45.821113],[16.09163,45.820836],[16.092267,45.820497],[16.092551,45.820338],[16.09299,45.820049],[16.094427,45.8191],[16.095003,45.81862],[16.095518,45.818123],[16.095775,45.817913],[16.095992,45.817774],[16.096247,45.817629],[16.096473,45.817542],[16.096757,45.817473],[16.097028,45.817427],[16.097334,45.817368],[16.097608,45.817299],[16.097967,45.817198],[16.098349,45.817098],[16.098203,45.816894],[16.097871,45.816756],[16.097847,45.816671],[16.097587,45.816446],[16.097492,45.814889],[16.097412,45.814674],[16.098698,45.814285],[16.099013,45.814404],[16.098847,45.814902],[16.100555,45.815152],[16.100519,45.815074],[16.100518,45.815005],[16.100529,45.814943],[16.100604,45.814833],[16.100641,45.814788],[16.100691,45.814744],[16.100694,45.814697],[16.100685,45.814573],[16.100724,45.81422],[16.100756,45.81413],[16.100807,45.814029],[16.100938,45.813904],[16.101028,45.813846],[16.101139,45.813783],[16.10126,45.813693],[16.1013,45.813649],[16.101318,45.813585],[16.101324,45.813429],[16.101562,45.81343],[16.101575,45.813295],[16.101568,45.813021],[16.101516,45.812841],[16.101386,45.812729],[16.101444,45.812683],[16.101497,45.812571],[16.101429,45.812227],[16.101399,45.812078],[16.10115,45.810325],[16.101016,45.81031],[16.101089,45.810066],[16.101093,45.810004],[16.101067,45.809786],[16.100923,45.809122],[16.100502,45.806346],[16.10085,45.806336],[16.101105,45.806321],[16.101982,45.806261],[16.102242,45.80624],[16.102938,45.806183],[16.104079,45.806064],[16.104804,45.805973],[16.106306,45.805766],[16.106837,45.805677],[16.106543,45.805799],[16.107626,45.80561],[16.108961,45.805344],[16.110103,45.805098],[16.110047,45.805076],[16.115863,45.803733],[16.118971,45.803036],[16.12586,45.801628],[16.127645,45.801274],[16.131242,45.800513],[16.131303,45.8007],[16.131569,45.80065],[16.13153,45.800516],[16.136139,45.799537],[16.139239,45.798856],[16.140034,45.798698],[16.141086,45.798547],[16.142195,45.798415],[16.142769,45.79831],[16.143889,45.798004],[16.144318,45.797895],[16.144711,45.797717],[16.146154,45.797394],[16.146276,45.797654],[16.146392,45.797632],[16.146287,45.797379],[16.148371,45.796943],[16.14894,45.796789],[16.15441,45.795547],[16.157316,45.794781],[16.158658,45.794478],[16.159008,45.794411],[16.159701,45.794279],[16.163302,45.793166],[16.164563,45.792749],[16.16511,45.792466],[16.165682,45.792204],[16.170774,45.790434],[16.173991,45.789239],[16.17454,45.789028],[16.1746,45.789095],[16.178493,45.78742],[16.183271,45.785243],[16.183892,45.784961],[16.184866,45.784369],[16.187405,45.783104],[16.191826,45.780766],[16.192281,45.780563],[16.192702,45.780376],[16.198304,45.777339],[16.200558,45.779334],[16.197938,45.780741],[16.198425,45.788706],[16.198839,45.79065],[16.199372,45.792888],[16.199799,45.796408],[16.199606,45.796962],[16.199575,45.797225],[16.199376,45.797651],[16.199362,45.799343],[16.199703,45.80064],[16.199775,45.800837],[16.200756,45.802806],[16.201068,45.803098],[16.199874,45.803382],[16.200361,45.808129],[16.201616,45.807991],[16.202465,45.810404],[16.202643,45.810365],[16.202723,45.810547],[16.202368,45.810621],[16.20253,45.812869],[16.202149,45.813718],[16.201929,45.814984],[16.201504,45.816722],[16.201313,45.81722],[16.20032,45.817902],[16.199709,45.819341],[16.199902,45.820003],[16.200274,45.820949],[16.201824,45.821486],[16.202163,45.821692],[16.202201,45.822002],[16.202675,45.822669],[16.203304,45.823012],[16.203944,45.823863],[16.204508,45.824565],[16.20464,45.825009],[16.204683,45.826014],[16.20449,45.82676],[16.204434,45.827686],[16.204582,45.828803],[16.204575,45.829238],[16.204961,45.829196],[16.205259,45.829107],[16.205611,45.829379],[16.205882,45.82939],[16.20662,45.829655],[16.206901,45.82972],[16.207436,45.829772],[16.207687,45.829891],[16.207941,45.8303],[16.208077,45.830392],[16.208193,45.830397],[16.208988,45.830621],[16.209647,45.831221],[16.209918,45.831508],[16.210056,45.831799],[16.210332,45.832217],[16.211172,45.83335],[16.211109,45.833795],[16.211277,45.834211],[16.211376,45.834197],[16.211623,45.834219],[16.211816,45.834365],[16.21218,45.834434],[16.212346,45.834535],[16.212778,45.83461],[16.21326,45.835354],[16.213645,45.835199],[16.213961,45.835167],[16.214259,45.835087],[16.214361,45.835527],[16.215025,45.837339],[16.215338,45.837408],[16.21604,45.837746],[16.216231,45.838563],[16.2172,45.838686],[16.217547,45.838612],[16.217948,45.838313],[16.218253,45.838314],[16.218841,45.838679],[16.218944,45.838707],[16.219175,45.838649],[16.219503,45.838721],[16.219766,45.838649],[16.220149,45.838736],[16.220469,45.838594],[16.221415,45.838397],[16.222713,45.838183],[16.223591,45.837762],[16.224061,45.837445],[16.224178,45.83742],[16.224439,45.837539],[16.224608,45.837495],[16.225086,45.837189],[16.225454,45.837232],[16.225582,45.837287],[16.22569,45.8374],[16.225821,45.837316],[16.225865,45.837233],[16.225804,45.836989],[16.225914,45.836847],[16.226096,45.836771],[16.226479,45.836796],[16.22692,45.836839],[16.227133,45.837],[16.227457,45.837063],[16.227572,45.837143],[16.227661,45.837393],[16.227736,45.837451],[16.227819,45.837482],[16.228139,45.837485],[16.228495,45.837159],[16.228781,45.837096],[16.229163,45.837077],[16.229466,45.83699],[16.229946,45.836958],[16.230453,45.836815],[16.230866,45.836741],[16.231467,45.836529],[16.231724,45.836693],[16.231723,45.836954],[16.231835,45.837037],[16.232394,45.836991],[16.232645,45.837241],[16.232934,45.837306],[16.234055,45.837093],[16.234429,45.836767],[16.234831,45.836637],[16.234931,45.836495],[16.234738,45.836116],[16.234882,45.836024],[16.235381,45.836029],[16.235571,45.836226],[16.235901,45.836223],[16.236224,45.836304],[16.236366,45.836304],[16.23642,45.836251],[16.236592,45.835974],[16.237179,45.835814],[16.237261,45.835845],[16.237318,45.836007],[16.237385,45.836159],[16.237348,45.836263],[16.237438,45.8364],[16.238125,45.83656],[16.238622,45.836581],[16.238794,45.836646],[16.238871,45.836734],[16.23888,45.83688],[16.239034,45.837041],[16.239236,45.837031],[16.239439,45.836885],[16.239473,45.837006],[16.239514,45.83722],[16.239555,45.837434],[16.239453,45.837508],[16.239103,45.837645],[16.238911,45.837825],[16.238854,45.837845],[16.238732,45.837839],[16.238614,45.837862],[16.238523,45.837933],[16.238435,45.838243],[16.238337,45.838675],[16.238194,45.838748],[16.237946,45.838759],[16.237889,45.838714],[16.237867,45.838469],[16.237842,45.838331],[16.23779,45.838263],[16.237708,45.838236],[16.237648,45.838241],[16.237588,45.838285],[16.237477,45.83853],[16.237341,45.838603],[16.237207,45.838649],[16.23708,45.838649],[16.236881,45.838622],[16.236788,45.838635],[16.236579,45.838707],[16.236498,45.838713],[16.236324,45.838674],[16.236168,45.838658],[16.236122,45.838666],[16.236045,45.838713],[16.235911,45.838861],[16.235824,45.839305],[16.235768,45.83941],[16.235637,45.839525],[16.235542,45.839549],[16.235425,45.839543],[16.235302,45.839489],[16.235214,45.8394],[16.235033,45.839217],[16.234984,45.839094],[16.234916,45.838923],[16.234797,45.838871],[16.23471,45.838893],[16.234666,45.838977],[16.234594,45.839093],[16.234472,45.839154],[16.234475,45.839186],[16.234238,45.839156],[16.233975,45.839047],[16.233893,45.839059],[16.233865,45.839087],[16.233853,45.839366],[16.233763,45.839592],[16.233788,45.83989],[16.233691,45.839991],[16.233538,45.839992],[16.233266,45.839921],[16.232968,45.839979],[16.232297,45.839805],[16.232246,45.839783],[16.232066,45.839594],[16.232022,45.839598],[16.231882,45.83973],[16.231827,45.839938],[16.231921,45.840183],[16.231777,45.840352],[16.23158,45.840401],[16.231488,45.84037],[16.231416,45.840199],[16.231225,45.840073],[16.231162,45.84024],[16.231184,45.840419],[16.231185,45.840586],[16.231042,45.840687],[16.230802,45.840751],[16.230479,45.840747],[16.230352,45.840781],[16.230195,45.840966],[16.230102,45.840977],[16.229784,45.840904],[16.229662,45.840938],[16.229508,45.841143],[16.22936,45.841312],[16.229304,45.841334],[16.229237,45.841329],[16.229172,45.8413],[16.228864,45.841181],[16.228786,45.841168],[16.228714,45.841183],[16.227895,45.841497],[16.228827,45.84635],[16.227508,45.846591],[16.227157,45.846666],[16.226888,45.846941],[16.226582,45.846949],[16.226663,45.848163],[16.226473,45.848675],[16.225841,45.848686],[16.224751,45.848756],[16.22465,45.848963],[16.224479,45.849028],[16.222989,45.848683],[16.222464,45.849697],[16.222873,45.849756],[16.222699,45.850291],[16.222434,45.850737],[16.22224,45.851204],[16.222022,45.851899],[16.222002,45.852565],[16.222265,45.85267],[16.221583,45.853038],[16.221486,45.853199],[16.220512,45.853441],[16.220563,45.853516],[16.220392,45.853595],[16.220395,45.853707],[16.220229,45.85372],[16.220742,45.853974],[16.220915,45.854108],[16.221371,45.854504],[16.221647,45.854689],[16.221876,45.854748],[16.221958,45.854803],[16.22212,45.854987],[16.222613,45.855473],[16.223037,45.855778],[16.223709,45.856209],[16.224014,45.856385],[16.224291,45.856526],[16.224982,45.85674],[16.226121,45.857172],[16.22639,45.85732],[16.226653,45.857496],[16.226944,45.8577],[16.227153,45.857923],[16.22735,45.858118],[16.227499,45.858217],[16.227613,45.858277],[16.226848,45.85882],[16.226978,45.858875],[16.227221,45.859432],[16.227627,45.859935],[16.227684,45.860051],[16.227728,45.860116],[16.227799,45.860288],[16.227887,45.860444],[16.227882,45.86072],[16.227804,45.861145],[16.227635,45.86143],[16.227552,45.861498],[16.227576,45.861614],[16.227551,45.86173],[16.227263,45.861854],[16.227143,45.86191],[16.227159,45.862001],[16.227076,45.862091],[16.226239,45.862436],[16.225887,45.862681],[16.224877,45.863371],[16.223784,45.864164],[16.222734,45.864914],[16.22141,45.865838],[16.220554,45.866435],[16.217958,45.868235],[16.215529,45.869982],[16.215064,45.870565],[16.213761,45.872263],[16.212702,45.873646],[16.211176,45.875636],[16.210062,45.877074],[16.209617,45.877637],[16.209414,45.877851],[16.208825,45.878253],[16.207365,45.879235],[16.20564,45.88051],[16.205576,45.880573],[16.205532,45.880629],[16.205044,45.881584],[16.20392,45.88363],[16.203408,45.884562],[16.203067,45.885234],[16.202855,45.885546],[16.202872,45.88565],[16.202771,45.88583],[16.20266,45.885947],[16.202132,45.886815],[16.201906,45.887096],[16.201836,45.887194],[16.201468,45.887715],[16.200585,45.889016],[16.200352,45.889298],[16.199976,45.889612],[16.199685,45.889831],[16.199579,45.890184],[16.199486,45.890364],[16.19868,45.891364],[16.198366,45.891922],[16.197885,45.892562],[16.197343,45.893299],[16.197025,45.893732],[16.196932,45.893828],[16.196903,45.8938],[16.196458,45.893581],[16.196154,45.893441],[16.195601,45.893163],[16.194596,45.8926],[16.193893,45.892197],[16.193337,45.891867],[16.192539,45.891389],[16.192064,45.891096],[16.191004,45.890439],[16.190923,45.890481],[16.190953,45.890503],[16.189445,45.891059],[16.186947,45.891416],[16.184403,45.891779],[16.180178,45.892324],[16.178387,45.892275],[16.178474,45.892854],[16.17856,45.893193],[16.178941,45.893814],[16.179315,45.894167],[16.179513,45.894447],[16.179693,45.894784],[16.180019,45.895063],[16.180141,45.895144],[16.180491,45.895342],[16.180673,45.895504],[16.181005,45.895657],[16.182072,45.896264],[16.182479,45.896754],[16.182636,45.896901],[16.182952,45.897141],[16.183174,45.897506],[16.183317,45.897907],[16.183798,45.89881],[16.183815,45.899062],[16.183626,45.899612],[16.183631,45.899992],[16.183555,45.900152],[16.183701,45.900639],[16.183765,45.901678],[16.183616,45.902112],[16.183604,45.90258],[16.18362,45.903107],[16.183487,45.90334],[16.183467,45.903539],[16.183408,45.903679],[16.18345,45.904396],[16.183475,45.905056],[16.183734,45.905845],[16.183882,45.906185],[16.184089,45.906546],[16.184339,45.906767],[16.184384,45.906911],[16.184462,45.907015],[16.184518,45.907093],[16.18444,45.907284],[16.184479,45.907565],[16.1845,45.907802],[16.184543,45.907935],[16.184529,45.908156],[16.184332,45.908461],[16.184174,45.908667],[16.183859,45.90895],[16.183585,45.909144],[16.183232,45.909159],[16.182501,45.909273],[16.182173,45.909458],[16.181998,45.909626],[16.181811,45.909766],[16.181622,45.909903],[16.181443,45.910008],[16.181294,45.910423],[16.180976,45.910836],[16.180731,45.911013],[16.179731,45.911505],[16.179102,45.911756],[16.178831,45.911778],[16.179388,45.912352],[16.179625,45.912761],[16.179546,45.913096],[16.179596,45.913196],[16.180039,45.913493],[16.180222,45.913538],[16.180436,45.913624],[16.180528,45.913761],[16.180553,45.913932],[16.180368,45.914169],[16.179865,45.914487],[16.179492,45.914655],[16.179208,45.914847],[16.179175,45.914903],[16.179198,45.914988],[16.179679,45.915292],[16.179992,45.915412],[16.18029,45.91547],[16.179534,45.915734],[16.179064,45.915868],[16.178655,45.915866],[16.178184,45.915819],[16.177704,45.915816],[16.177365,45.915759],[16.177182,45.915781],[16.176963,45.915769],[16.176648,45.915927],[16.17649,45.915974],[16.176267,45.915988],[16.17599,45.916016],[16.17541,45.916157],[16.174655,45.91614],[16.174536,45.916245],[16.174449,45.916353],[16.174282,45.916931],[16.174085,45.917547],[16.173699,45.918049],[16.173517,45.918421],[16.173288,45.918684],[16.173104,45.918851],[16.173067,45.919174],[16.173183,45.920141],[16.173432,45.920818],[16.173673,45.920953],[16.173824,45.92105],[16.174356,45.921454],[16.174361,45.921497],[16.174576,45.921938],[16.174647,45.921994],[16.174837,45.922474],[16.174829,45.922689],[16.174797,45.922901],[16.174644,45.923115],[16.174448,45.923282],[16.173819,45.923549],[16.173682,45.923691],[16.173603,45.92411],[16.173465,45.925131],[16.173394,45.925202],[16.173359,45.925275],[16.173317,45.92533],[16.173291,45.925563],[16.173219,45.925635],[16.173126,45.925879],[16.173154,45.926175],[16.173145,45.926388],[16.173161,45.926519],[16.173166,45.92679],[16.173273,45.927122],[16.173152,45.927491],[16.173151,45.927518],[16.173129,45.927586],[16.173168,45.927725],[16.173178,45.92799],[16.173116,45.928119],[16.173157,45.928397],[16.173161,45.928573],[16.172993,45.928911],[16.172985,45.929231],[16.172965,45.929399],[16.173026,45.929988],[16.173005,45.930171],[16.17288,45.930568],[16.172829,45.931223],[16.172752,45.931444],[16.17273,45.931647],[16.172734,45.93191],[16.172772,45.931936],[16.172791,45.932021],[16.172949,45.932203],[16.173095,45.932307],[16.173175,45.932446],[16.173077,45.932674],[16.173002,45.933076],[16.172974,45.933137],[16.173036,45.93326],[16.172987,45.933486],[16.172985,45.933968],[16.172852,45.934675],[16.172797,45.934829],[16.17256,45.935008],[16.172464,45.935143],[16.17247,45.935409],[16.172395,45.935527],[16.172366,45.935822],[16.172253,45.935999],[16.172044,45.936249],[16.171809,45.936427],[16.171853,45.936485],[16.171859,45.936573],[16.171867,45.93663],[16.171956,45.936889],[16.172047,45.937145],[16.172077,45.937299],[16.172084,45.93741],[16.172014,45.937511],[16.172116,45.937767],[16.171988,45.938136],[16.171955,45.938389],[16.171936,45.938498],[16.171862,45.938704],[16.172192,45.939085],[16.172271,45.939227],[16.17272,45.939631],[16.1728,45.939829],[16.172932,45.94003],[16.173039,45.940316],[16.173081,45.940683],[16.173072,45.940837],[16.173044,45.940839],[16.17298,45.940974],[16.17278,45.941259],[16.172723,45.941484],[16.172391,45.941739],[16.172313,45.941896],[16.172268,45.942042],[16.172172,45.942199],[16.171967,45.942346],[16.171683,45.942488],[16.171534,45.942651],[16.171331,45.942747],[16.17092,45.943017],[16.170446,45.943303],[16.17002,45.943579],[16.169675,45.943771],[16.169227,45.94411],[16.1691,45.944133],[16.168668,45.944149],[16.168101,45.944312],[16.167824,45.944444],[16.167529,45.944548],[16.167271,45.944673],[16.167101,45.944918],[16.167072,45.944978],[16.167073,45.945208],[16.167042,45.945344],[16.166947,45.945493],[16.166891,45.945662],[16.166829,45.945733],[16.166789,45.945865],[16.166811,45.946046],[16.166804,45.946157],[16.16674,45.946311],[16.166663,45.946431],[16.166535,45.946556],[16.166381,45.946678],[16.166368,45.94674],[16.16652,45.946962],[16.16662,45.947187],[16.166907,45.947565],[16.166953,45.947715],[16.166911,45.947919],[16.166852,45.948181],[16.166971,45.948616],[16.166983,45.948746],[16.166923,45.948967],[16.166935,45.949157],[16.166584,45.9493],[16.166392,45.949469],[16.166338,45.949576],[16.166214,45.949684],[16.166088,45.949815],[16.16621,45.950145],[16.166169,45.950251],[16.166102,45.950788],[16.166234,45.951003],[16.166378,45.951138],[16.166618,45.951368],[16.166689,45.95147],[16.166727,45.951556],[16.166743,45.951626],[16.166697,45.951888],[16.166442,45.952043],[16.166189,45.95236],[16.166101,45.952958],[16.166023,45.953089],[16.165858,45.953125],[16.165672,45.953282],[16.165486,45.953459],[16.165312,45.954194],[16.165302,45.954488],[16.165543,45.954841],[16.165604,45.955026],[16.165768,45.955506],[16.16532,45.95578],[16.164358,45.956108],[16.163967,45.956142],[16.163913,45.956192],[16.163894,45.956257],[16.163624,45.957079],[16.163214,45.957395],[16.161681,45.957809],[16.160024,45.958904],[16.159241,45.959177],[16.158721,45.959272],[16.157904,45.959738],[16.157363,45.959856],[16.156683,45.960213],[16.156263,45.960548],[16.156174,45.960809],[16.156298,45.961241],[16.156237,45.961491],[16.156207,45.96203],[16.156032,45.962702],[16.156276,45.963197],[16.156157,45.964076],[16.156162,45.964801],[16.155936,45.965413],[16.156215,45.966035],[16.156028,45.966342],[16.155884,45.966505],[16.15578,45.966958],[16.155706,45.967491],[16.155473,45.96808],[16.155413,45.968666],[16.155201,45.968973],[16.15481,45.968778],[16.154702,45.96858],[16.15455,45.968029],[16.153879,45.967528],[16.153149,45.967518],[16.152606,45.967847],[16.151961,45.967752],[16.151278,45.967448],[16.150391,45.967497],[16.150126,45.967787],[16.14977,45.968354],[16.149505,45.968689],[16.148825,45.968626],[16.148443,45.96839],[16.14762,45.968248],[16.147555,45.968237],[16.146983,45.968214],[16.1452,45.968035],[16.144388,45.967806],[16.143469,45.968319],[16.142546,45.968486],[16.142381,45.968426],[16.141746,45.967866],[16.141351,45.967834],[16.140475,45.968023],[16.139676,45.968054],[16.139188,45.967905],[16.138853,45.967862],[16.138157,45.967489],[16.137959,45.967053],[16.137752,45.966807],[16.137698,45.966583],[16.137657,45.966366],[16.137644,45.965735],[16.137406,45.965458],[16.137357,45.965453],[16.137306,45.965387],[16.137128,45.965342],[16.137045,45.965322],[16.136737,45.965137],[16.136139,45.965095],[16.135916,45.965044],[16.135592,45.965025],[16.134226,45.964876],[16.133599,45.964756],[16.133491,45.964845],[16.132824,45.964977],[16.132477,45.964853],[16.13154,45.964799],[16.131228,45.964809],[16.130169,45.964984],[16.129811,45.964985],[16.129594,45.965036],[16.129399,45.965283],[16.128974,45.965612],[16.128574,45.965843],[16.128326,45.965927],[16.127363,45.96653],[16.127228,45.966666],[16.127095,45.966898],[16.126749,45.967007],[16.126557,45.967196],[16.125717,45.967355],[16.125328,45.967299],[16.12493,45.967253],[16.124566,45.967221],[16.123895,45.966999],[16.123616,45.966964],[16.122788,45.967013],[16.122588,45.967063],[16.122211,45.967193],[16.122052,45.96728],[16.121738,45.967294],[16.121581,45.967356],[16.120786,45.967547],[16.12039,45.967816],[16.120132,45.968103],[16.120022,45.968219],[16.119736,45.968443],[16.119589,45.968684],[16.119541,45.968846],[16.119517,45.968888],[16.119406,45.969008],[16.119187,45.969079],[16.118922,45.969048],[16.118738,45.969067],[16.118617,45.969147],[16.118467,45.969144],[16.118146,45.969007],[16.117881,45.968905],[16.117435,45.968842],[16.116855,45.968592],[16.116724,45.968589],[16.115673,45.968492],[16.115376,45.968479],[16.115322,45.968481],[16.114877,45.968495],[16.114422,45.96845],[16.114137,45.968476],[16.113991,45.968459],[16.113957,45.967866],[16.11397,45.967227],[16.113915,45.966933],[16.113902,45.96665],[16.113968,45.966564],[16.113866,45.965987],[16.113877,45.965815],[16.113876,45.965301],[16.113947,45.964818],[16.113948,45.964748],[16.113586,45.964002],[16.113526,45.963804],[16.113452,45.963651],[16.113387,45.963485],[16.113333,45.963255],[16.113471,45.96308],[16.113606,45.962891],[16.11358,45.962771],[16.1136,45.962674],[16.113607,45.962611],[16.113644,45.962452],[16.113619,45.962171],[16.113637,45.961993],[16.113515,45.961827],[16.112975,45.961622],[16.112387,45.961426],[16.112227,45.961281],[16.112181,45.961085],[16.111739,45.960583],[16.111805,45.960399],[16.11196,45.96018],[16.11196,45.960058],[16.112017,45.959948],[16.112098,45.959741],[16.112018,45.959534],[16.112042,45.959165],[16.111983,45.958785],[16.111738,45.958507],[16.111419,45.958118],[16.111314,45.957943],[16.111292,45.957877],[16.111038,45.957719],[16.110756,45.957593],[16.110555,45.95756],[16.110414,45.957523],[16.110181,45.957424],[16.109793,45.957349],[16.109356,45.957402],[16.108988,45.957385],[16.108531,45.957273],[16.108412,45.957213],[16.108271,45.957069],[16.108136,45.956755],[16.107976,45.956549],[16.107846,45.956238],[16.107805,45.955903],[16.107392,45.955886],[16.106949,45.955765],[16.106628,45.955698],[16.106373,45.955698],[16.105986,45.955754],[16.10552,45.955648],[16.105373,45.955707],[16.105046,45.955672],[16.104938,45.955629],[16.104805,45.95569],[16.104744,45.955663],[16.104249,45.955777],[16.103926,45.955753],[16.103403,45.955684],[16.102525,45.955735],[16.101787,45.955748],[16.101261,45.955709],[16.100981,45.955702],[16.100432,45.955588],[16.100122,45.955472],[16.099203,45.954817],[16.099091,45.95455],[16.097854,45.953941],[16.096585,45.953402],[16.096445,45.953601],[16.095863,45.95417],[16.09533,45.954571],[16.095163,45.954908],[16.095145,45.95512],[16.094183,45.955854],[16.093494,45.956271],[16.093304,45.956237],[16.092459,45.956569],[16.091204,45.956812],[16.090477,45.957126],[16.090302,45.957267],[16.090237,45.957439],[16.090176,45.957771],[16.08989,45.95815],[16.089755,45.958365],[16.089713,45.958503],[16.089355,45.958327],[16.089261,45.958234],[16.088486,45.957788],[16.088356,45.95758],[16.088177,45.957446],[16.08798,45.957339],[16.087892,45.957278],[16.087812,45.957171],[16.087778,45.957174],[16.087708,45.957054],[16.087599,45.956977],[16.087477,45.956891],[16.087207,45.956846],[16.087069,45.956831],[16.086647,45.956708],[16.086593,45.956636],[16.085658,45.956354],[16.085241,45.956293],[16.085014,45.956265],[16.084485,45.956276],[16.084251,45.956331],[16.083152,45.956406],[16.082372,45.956285],[16.082049,45.956252],[16.081696,45.956167],[16.081327,45.956148],[16.081061,45.956198],[16.080857,45.956152],[16.080669,45.956077],[16.080225,45.955992],[16.080002,45.956],[16.079685,45.955976],[16.078942,45.955997],[16.078774,45.955976],[16.078557,45.956034],[16.078458,45.956037],[16.078376,45.956006],[16.078089,45.956053],[16.077845,45.956043],[16.077655,45.956012],[16.077373,45.955941],[16.076703,45.95589],[16.076791,45.955499],[16.076854,45.955369],[16.076835,45.955205],[16.076766,45.955092],[16.07673,45.954928],[16.076751,45.954775],[16.076711,45.954579],[16.076465,45.954332],[16.076255,45.954094],[16.076158,45.954021],[16.075929,45.953921],[16.075744,45.953852],[16.075741,45.953867],[16.07555,45.953841],[16.075249,45.953704],[16.074962,45.953601],[16.074973,45.953584],[16.074745,45.953497],[16.074509,45.953475],[16.074402,45.953421],[16.074191,45.953107],[16.074107,45.952915],[16.074071,45.952763],[16.073793,45.95259],[16.073532,45.952446],[16.073357,45.952319],[16.073163,45.952233],[16.072931,45.952103],[16.072795,45.95204],[16.072452,45.951837],[16.072107,45.951796],[16.071529,45.951739],[16.070907,45.951584],[16.070657,45.951451],[16.070412,45.951427],[16.070068,45.951319],[16.069727,45.951236],[16.069066,45.950936],[16.069071,45.950924],[16.068633,45.950827],[16.068275,45.950766],[16.067721,45.950699],[16.067217,45.950835],[16.066731,45.950858],[16.066513,45.950745],[16.066163,45.950642],[16.066029,45.950632],[16.066029,45.950644],[16.06586,45.950627],[16.0655,45.950584],[16.065339,45.950511],[16.065247,45.950414],[16.06514,45.950297],[16.065113,45.950299],[16.065008,45.950136],[16.065015,45.949895],[16.065045,45.949809],[16.06502,45.949642],[16.06487,45.949284],[16.064851,45.949176],[16.064774,45.949011],[16.064696,45.948906],[16.064718,45.948903],[16.06465,45.948822],[16.064681,45.948751],[16.064537,45.948456],[16.064448,45.948241],[16.06445,45.948011],[16.064354,45.947925],[16.064326,45.947873],[16.064167,45.947701],[16.063705,45.947543],[16.063648,45.947518],[16.063632,45.947486],[16.06358,45.947438],[16.063496,45.947262],[16.063352,45.947035],[16.063345,45.947021],[16.063241,45.946949],[16.063173,45.946896],[16.063155,45.946895],[16.063112,45.946829],[16.063039,45.946785],[16.062877,45.946612],[16.062785,45.946563],[16.06261,45.946397],[16.062462,45.946363],[16.062271,45.946339],[16.062067,45.946292],[16.061946,45.94629],[16.061808,45.946258],[16.061641,45.946168],[16.061526,45.946141],[16.061525,45.946125],[16.061159,45.946091],[16.061031,45.945937],[16.060786,45.945765],[16.06058,45.94572],[16.059118,45.945621],[16.058743,45.945608],[16.058451,45.945576],[16.058085,45.945616],[16.057627,45.945499],[16.057369,45.945456],[16.057175,45.945409],[16.056854,45.945287],[16.05659,45.945284],[16.056123,45.945216],[16.055514,45.945173],[16.055233,45.945118],[16.054869,45.945078],[16.054605,45.945018],[16.054248,45.944983],[16.054038,45.944873],[16.053923,45.944737],[16.053848,45.944572],[16.053835,45.944402],[16.052446,45.944433],[16.052151,45.943848],[16.052139,45.943547],[16.052122,45.943112],[16.052095,45.942694],[16.052061,45.942517],[16.052103,45.942332],[16.052024,45.94217],[16.052066,45.942074],[16.051908,45.941637],[16.052134,45.941044],[16.051803,45.940537],[16.051539,45.940334],[16.051494,45.94018],[16.051527,45.940014],[16.051647,45.939888],[16.05184,45.939718],[16.052003,45.939407],[16.051999,45.939344],[16.051858,45.938964],[16.051946,45.938284],[16.051889,45.93813],[16.051927,45.938],[16.051879,45.937782],[16.051893,45.937533],[16.051809,45.937443]]]]}},{"type":"Feature","properties":{"city":"Zagreb","name":"Stenjevec","osm_relation":2631458},"geometry":{"type":"MultiPolygon","coordinates":[[[[15.847641,45.797294],[15.849417,45.798044],[15.851944,45.799061],[15.852212,45.799375],[15.852212,45.799508],[15.85214,45.799657],[15.852128,45.799809],[15.852307,45.80018],[15.852545,45.800412],[15.852643,45.800463],[15.853075,45.800841],[15.853496,45.800997],[15.853298,45.801143],[15.852947,45.801512],[15.853632,45.801879],[15.853656,45.801926],[15.85386,45.80197],[15.854586,45.802045],[15.854739,45.802078],[15.854829,45.802121],[15.854951,45.80229],[15.855967,45.802047],[15.857136,45.80183],[15.857186,45.801834],[15.857236,45.801845],[15.857291,45.801871],[15.85732,45.801897],[15.857337,45.801924],[15.857799,45.803624],[15.857761,45.80363],[15.857785,45.803724],[15.85782,45.803719],[15.858514,45.80627],[15.858509,45.806304],[15.858494,45.806337],[15.858598,45.806688],[15.858645,45.806731],[15.859093,45.808393],[15.859054,45.808399],[15.859743,45.810954],[15.85984,45.811353],[15.859908,45.811347],[15.860301,45.8123],[15.860303,45.812344],[15.860285,45.812382],[15.860252,45.812412],[15.860208,45.812428],[15.860047,45.812456],[15.860062,45.812497],[15.86034,45.812604],[15.860519,45.812571],[15.860564,45.812585],[15.860987,45.812844],[15.861237,45.812953],[15.861385,45.812998],[15.861604,45.813054],[15.861704,45.813072],[15.861795,45.813084],[15.862439,45.813128],[15.862666,45.813168],[15.86288,45.813293],[15.863133,45.813498],[15.863258,45.813739],[15.86328,45.813857],[15.864457,45.813792],[15.864471,45.813941],[15.869133,45.813695],[15.869133,45.813627],[15.869297,45.813622],[15.869296,45.81369],[15.869351,45.813645],[15.869394,45.813624],[15.869454,45.813612],[15.870787,45.813528],[15.871751,45.813447],[15.872722,45.813329],[15.872817,45.813315],[15.87282,45.81339],[15.87278,45.813401],[15.872782,45.81353],[15.872797,45.813624],[15.87368,45.813589],[15.874107,45.813601],[15.877403,45.813411],[15.877688,45.813359],[15.878021,45.813338],[15.878731,45.813347],[15.878937,45.813341],[15.880975,45.813226],[15.880973,45.813203],[15.885864,45.81294],[15.886932,45.812859],[15.886934,45.812883],[15.89287,45.812558],[15.894434,45.812486],[15.894433,45.812607],[15.895401,45.812556],[15.895668,45.812552],[15.896413,45.812573],[15.896209,45.812378],[15.896703,45.812381],[15.905141,45.811917],[15.905314,45.811939],[15.90646,45.811869],[15.906687,45.811827],[15.908181,45.811749],[15.912862,45.811465],[15.916963,45.811251],[15.929686,45.810464],[15.928613,45.809653],[15.928553,45.809533],[15.928383,45.809571],[15.92828,45.809422],[15.927648,45.808943],[15.926033,45.807712],[15.925977,45.807706],[15.925684,45.807479],[15.925669,45.807461],[15.925664,45.807438],[15.92567,45.807417],[15.925683,45.807398],[15.925652,45.807385],[15.925584,45.807312],[15.925551,45.807309],[15.925518,45.807305],[15.925494,45.807292],[15.925328,45.807165],[15.925235,45.80712],[15.92471,45.806718],[15.924657,45.806663],[15.924545,45.806607],[15.92433,45.806522],[15.924127,45.806377],[15.923832,45.8062],[15.92314,45.805768],[15.923016,45.805667],[15.922871,45.805581],[15.922481,45.805368],[15.922284,45.805255],[15.921284,45.804618],[15.921258,45.804583],[15.921176,45.804544],[15.920824,45.804329],[15.92075,45.804263],[15.920677,45.804209],[15.920537,45.804133],[15.920382,45.804057],[15.919891,45.803765],[15.91922,45.803351],[15.919166,45.803285],[15.918659,45.802901],[15.917273,45.802046],[15.916848,45.801847],[15.915849,45.801225],[15.915759,45.801155],[15.915711,45.801153],[15.915675,45.801138],[15.915165,45.800805],[15.913933,45.800061],[15.913702,45.799902],[15.913339,45.799702],[15.913278,45.799624],[15.913218,45.799566],[15.913094,45.799531],[15.912848,45.799375],[15.911722,45.798711],[15.911414,45.798498],[15.911079,45.798251],[15.910918,45.798084],[15.910734,45.797936],[15.910523,45.797818],[15.909801,45.797268],[15.9097,45.797145],[15.909473,45.796972],[15.909302,45.796768],[15.909113,45.796609],[15.909077,45.796564],[15.909062,45.796509],[15.909067,45.796455],[15.909086,45.796418],[15.909111,45.79639],[15.908708,45.795981],[15.904157,45.79638],[15.896294,45.79683],[15.895706,45.796815],[15.895746,45.796875],[15.894624,45.796909],[15.894616,45.796872],[15.894012,45.796882],[15.893629,45.7969],[15.893325,45.796905],[15.893327,45.796941],[15.892821,45.796957],[15.892778,45.797287],[15.891977,45.797311],[15.891981,45.796762],[15.891958,45.796518],[15.891899,45.796188],[15.891855,45.79603],[15.891814,45.795744],[15.891791,45.795468],[15.891681,45.795417],[15.891064,45.795066],[15.890761,45.794835],[15.890684,45.794726],[15.890627,45.794585],[15.890537,45.793976],[15.890533,45.793783],[15.890582,45.793498],[15.890573,45.792419],[15.890514,45.791974],[15.890505,45.791417],[15.890314,45.791378],[15.889978,45.79134],[15.889786,45.791287],[15.889663,45.791228],[15.889597,45.791179],[15.889494,45.791048],[15.888991,45.790521],[15.888954,45.790495],[15.888684,45.79043],[15.888197,45.790289],[15.888061,45.790215],[15.887941,45.790171],[15.887868,45.789876],[15.887695,45.789726],[15.887591,45.789656],[15.887603,45.789604],[15.886849,45.789556],[15.887376,45.788618],[15.888803,45.786949],[15.888398,45.786924],[15.886597,45.78666],[15.886102,45.786555],[15.885833,45.786211],[15.884298,45.785914],[15.884,45.78591],[15.882706,45.785145],[15.881651,45.784764],[15.880499,45.784545],[15.875178,45.78386],[15.873545,45.783642],[15.871723,45.783529],[15.869706,45.78344],[15.867917,45.783859],[15.866977,45.784142],[15.866057,45.784468],[15.865165,45.784898],[15.864217,45.785464],[15.862905,45.786444],[15.861788,45.787292],[15.860932,45.787942],[15.859849,45.788666],[15.858932,45.78922],[15.858051,45.78969],[15.856048,45.790605],[15.853738,45.791544],[15.853194,45.791826],[15.852951,45.791965],[15.85165,45.79287],[15.851177,45.793253],[15.850326,45.794102],[15.849432,45.795112],[15.848904,45.79576],[15.847641,45.797294]]]]}},{"type":"Feature","properties":{"city":"Zagreb","name":"Trešnjevka - jug","osm_relation":2629785},"geometry":{"type":"MultiPolygon","coordinates":[[[[15.888803,45.786949],[15.887376,45.788618],[15.886849,45.789556],[15.887603,45.789604],[15.887591,45.789656],[15.887695,45.789726],[15.887868,45.789876],[15.887941,45.790171],[15.888061,45.790215],[15.888197,45.790289],[15.888684,45.79043],[15.888954,45.790495],[15.888991,45.790521],[15.889494,45.791048],[15.889597,45.791179],[15.889663,45.791228],[15.889786,45.791287],[15.889978,45.79134],[15.890314,45.791378],[15.890505,45.791417],[15.890514,45.791974],[15.890573,45.792419],[15.890582,45.793498],[15.890533,45.793783],[15.890537,45.793976],[15.890627,45.794585],[15.890684,45.794726],[15.890761,45.794835],[15.891064,45.795066],[15.891681,45.795417],[15.891791,45.795468],[15.891814,45.795744],[15.891855,45.79603],[15.891899,45.796188],[15.891958,45.796518],[15.891981,45.796762],[15.891977,45.797311],[15.892778,45.797287],[15.892821,45.796957],[15.893327,45.796941],[15.893325,45.796905],[15.893629,45.7969],[15.894012,45.796882],[15.894616,45.796872],[15.894624,45.796909],[15.895746,45.796875],[15.895706,45.796815],[15.896294,45.79683],[15.904157,45.79638],[15.908708,45.795981],[15.90981,45.795887],[15.910175,45.795832],[15.910453,45.795819],[15.910893,45.79578],[15.913498,45.795563],[15.913676,45.795534],[15.914818,45.79546],[15.916497,45.795337],[15.916577,45.795768],[15.916989,45.795733],[15.917072,45.795677],[15.917246,45.795625],[15.917833,45.795571],[15.918052,45.795614],[15.918523,45.795603],[15.923251,45.795195],[15.927498,45.794826],[15.928381,45.794744],[15.930005,45.794606],[15.93118,45.794502],[15.932391,45.7944],[15.93252,45.794377],[15.933985,45.79428],[15.933983,45.794264],[15.93406,45.79425],[15.934087,45.794251],[15.934106,45.794259],[15.934117,45.794272],[15.936316,45.794169],[15.936313,45.794093],[15.936393,45.794071],[15.936482,45.794065],[15.936622,45.794074],[15.936653,45.794082],[15.936668,45.794094],[15.936695,45.794154],[15.936774,45.794153],[15.9396,45.794142],[15.940423,45.794148],[15.940452,45.79416],[15.940466,45.794183],[15.940702,45.79416],[15.940718,45.794119],[15.940756,45.79409],[15.940821,45.794103],[15.940894,45.794091],[15.941635,45.794142],[15.942597,45.794246],[15.942813,45.794261],[15.94308,45.79427],[15.943433,45.794276],[15.943541,45.794276],[15.943602,45.79428],[15.943695,45.79432],[15.94381,45.79445],[15.944264,45.794362],[15.944287,45.794339],[15.944318,45.794322],[15.944363,45.794308],[15.944399,45.7943],[15.944437,45.794298],[15.944672,45.794306],[15.94467,45.794333],[15.944719,45.794332],[15.944722,45.794316],[15.94506,45.794332],[15.946526,45.794387],[15.947043,45.794387],[15.947045,45.794363],[15.947479,45.794395],[15.94785,45.794411],[15.948123,45.794434],[15.948616,45.794458],[15.94872,45.79447],[15.949106,45.794552],[15.949409,45.794514],[15.94943,45.794496],[15.949462,45.794483],[15.949508,45.794481],[15.950269,45.794529],[15.951032,45.794565],[15.95167,45.794658],[15.951932,45.794675],[15.951961,45.794688],[15.952336,45.794714],[15.952423,45.79473],[15.952545,45.794743],[15.952604,45.794737],[15.952628,45.794711],[15.953082,45.794722],[15.953323,45.794704],[15.953339,45.794689],[15.953355,45.794681],[15.953381,45.794676],[15.954169,45.794681],[15.955587,45.794653],[15.955744,45.794651],[15.955857,45.794645],[15.956097,45.79462],[15.956362,45.794579],[15.956742,45.794515],[15.956883,45.794497],[15.957106,45.794472],[15.957216,45.794444],[15.957344,45.794428],[15.957432,45.794436],[15.957504,45.794439],[15.957693,45.794435],[15.957864,45.794421],[15.95811,45.794402],[15.958337,45.794399],[15.958435,45.794401],[15.958508,45.794408],[15.958581,45.794426],[15.958627,45.794448],[15.958663,45.794469],[15.95899,45.794366],[15.958442,45.793566],[15.958385,45.793585],[15.958309,45.79348],[15.958374,45.793456],[15.958215,45.793224],[15.958158,45.793248],[15.958069,45.793126],[15.958131,45.793102],[15.957663,45.792426],[15.957597,45.792447],[15.95754,45.792363],[15.957363,45.792065],[15.957415,45.792054],[15.957386,45.792009],[15.957309,45.791964],[15.957149,45.791733],[15.957167,45.79169],[15.956729,45.791065],[15.956536,45.790754],[15.956329,45.790452],[15.956274,45.790467],[15.955987,45.790048],[15.956036,45.790029],[15.955836,45.789716],[15.955732,45.789546],[15.95565,45.789572],[15.954853,45.788382],[15.954909,45.788353],[15.954864,45.788239],[15.954809,45.788216],[15.954549,45.787853],[15.954426,45.78775],[15.953998,45.787182],[15.954083,45.787146],[15.953427,45.786206],[15.953302,45.785997],[15.95328,45.785899],[15.953074,45.785751],[15.952904,45.785511],[15.952869,45.785358],[15.952863,45.785248],[15.953045,45.785062],[15.953075,45.785016],[15.953107,45.784949],[15.953117,45.784874],[15.953066,45.784809],[15.95297,45.784741],[15.954075,45.783774],[15.951941,45.782734],[15.950343,45.781837],[15.948959,45.781051],[15.947079,45.779754],[15.944694,45.777989],[15.942066,45.776007],[15.941522,45.775659],[15.941289,45.775515],[15.940382,45.774994],[15.939785,45.774672],[15.939004,45.774313],[15.938167,45.773976],[15.937602,45.773766],[15.936119,45.773346],[15.934456,45.772912],[15.933689,45.772767],[15.932566,45.772571],[15.930685,45.772326],[15.930077,45.772304],[15.92918,45.772318],[15.928204,45.772405],[15.927097,45.772566],[15.925721,45.772853],[15.922927,45.773679],[15.918858,45.774942],[15.917858,45.775267],[15.917091,45.775426],[15.916509,45.775474],[15.916129,45.775619],[15.915727,45.775764],[15.914028,45.776124],[15.910409,45.776788],[15.908419,45.777235],[15.907513,45.777489],[15.906716,45.777746],[15.906149,45.777949],[15.905912,45.778049],[15.905646,45.778171],[15.903945,45.779099],[15.903478,45.779457],[15.902051,45.78076],[15.900045,45.782906],[15.89742,45.785048],[15.896847,45.785433],[15.896367,45.785692],[15.8958,45.785923],[15.895263,45.78611],[15.893908,45.786483],[15.892813,45.786745],[15.891414,45.786945],[15.890244,45.787002],[15.888803,45.786949]]]]}},{"type":"Feature","properties":{"city":"Zagreb","name":"Trešnjevka - sjever","osm_relation":2630379},"geometry":{"type":"MultiPolygon","coordinates":[[[[15.908708,45.795981],[15.90981,45.795887],[15.910175,45.795832],[15.910453,45.795819],[15.910893,45.79578],[15.913498,45.795563],[15.913676,45.795534],[15.914818,45.79546],[15.916497,45.795337],[15.916577,45.795768],[15.916989,45.795733],[15.917072,45.795677],[15.917246,45.795625],[15.917833,45.795571],[15.918052,45.795614],[15.918523,45.795603],[15.923251,45.795195],[15.927498,45.794826],[15.928381,45.794744],[15.930005,45.794606],[15.93118,45.794502],[15.932391,45.7944],[15.93252,45.794377],[15.933985,45.79428],[15.933983,45.794264],[15.93406,45.79425],[15.934087,45.794251],[15.934106,45.794259],[15.934117,45.794272],[15.936316,45.794169],[15.936313,45.794093],[15.936393,45.794071],[15.936482,45.794065],[15.936622,45.794074],[15.936653,45.794082],[15.936668,45.794094],[15.936695,45.794154],[15.936774,45.794153],[15.9396,45.794142],[15.940423,45.794148],[15.940452,45.79416],[15.940466,45.794183],[15.940702,45.79416],[15.940718,45.794119],[15.940756,45.79409],[15.940821,45.794103],[15.940894,45.794091],[15.941635,45.794142],[15.942597,45.794246],[15.942813,45.794261],[15.94308,45.79427],[15.943433,45.794276],[15.943541,45.794276],[15.943602,45.79428],[15.943695,45.79432],[15.94381,45.79445],[15.944264,45.794362],[15.944287,45.794339],[15.944318,45.794322],[15.944363,45.794308],[15.944399,45.7943],[15.944437,45.794298],[15.944672,45.794306],[15.94467,45.794333],[15.944719,45.794332],[15.944722,45.794316],[15.94506,45.794332],[15.946526,45.794387],[15.947043,45.794387],[15.947045,45.794363],[15.947479,45.794395],[15.94785,45.794411],[15.948123,45.794434],[15.948616,45.794458],[15.94872,45.79447],[15.949106,45.794552],[15.949409,45.794514],[15.94943,45.794496],[15.949462,45.794483],[15.949508,45.794481],[15.950269,45.794529],[15.951032,45.794565],[15.95167,45.794658],[15.951932,45.794675],[15.951961,45.794688],[15.952336,45.794714],[15.952423,45.79473],[15.952545,45.794743],[15.952604,45.794737],[15.952628,45.794711],[15.953082,45.794722],[15.953323,45.794704],[15.953339,45.794689],[15.953355,45.794681],[15.953381,45.794676],[15.954169,45.794681],[15.955587,45.794653],[15.955744,45.794651],[15.955857,45.794645],[15.956097,45.79462],[15.956362,45.794579],[15.956742,45.794515],[15.956883,45.794497],[15.957106,45.794472],[15.957216,45.794444],[15.957344,45.794428],[15.957432,45.794436],[15.957504,45.794439],[15.957693,45.794435],[15.957864,45.794421],[15.95811,45.794402],[15.958337,45.794399],[15.958435,45.794401],[15.958508,45.794408],[15.958581,45.794426],[15.958627,45.794448],[15.958663,45.794469],[15.95899,45.794366],[15.959259,45.794746],[15.959182,45.794767],[15.9595,45.795227],[15.960129,45.796025],[15.960066,45.796049],[15.96057,45.79681],[15.960618,45.79685],[15.960644,45.796844],[15.960695,45.796923],[15.960757,45.796945],[15.960858,45.797108],[15.960903,45.797115],[15.960978,45.797215],[15.960958,45.797232],[15.960957,45.79725],[15.96154,45.798089],[15.961509,45.798102],[15.961625,45.798256],[15.961872,45.798636],[15.962231,45.799161],[15.962632,45.799687],[15.964461,45.802384],[15.966086,45.804767],[15.96569,45.804956],[15.965604,45.805024],[15.96514,45.805287],[15.964647,45.805618],[15.963535,45.806402],[15.962906,45.806868],[15.962688,45.807018],[15.96241,45.807172],[15.961845,45.807568],[15.96156,45.807758],[15.961256,45.807951],[15.961137,45.808023],[15.960464,45.808291],[15.960113,45.808432],[15.959845,45.808529],[15.959567,45.808621],[15.959304,45.8087],[15.959088,45.808765],[15.958826,45.808826],[15.958582,45.808875],[15.958336,45.808918],[15.958075,45.808952],[15.957875,45.80897],[15.957026,45.809016],[15.956917,45.809024],[15.95488,45.809164],[15.953769,45.809225],[15.948804,45.809508],[15.948702,45.809514],[15.948704,45.809536],[15.948615,45.809542],[15.948494,45.809551],[15.946863,45.809641],[15.946245,45.809675],[15.945718,45.809706],[15.945584,45.809698],[15.945417,45.809705],[15.945297,45.809725],[15.945293,45.80971],[15.944907,45.809731],[15.944916,45.809865],[15.945011,45.809911],[15.944979,45.80995],[15.944842,45.809912],[15.944732,45.809925],[15.944262,45.809817],[15.942163,45.809916],[15.94216,45.809883],[15.942021,45.809888],[15.942023,45.809913],[15.941859,45.809917],[15.941859,45.809937],[15.941686,45.809944],[15.941132,45.809925],[15.935323,45.810263],[15.935303,45.810395],[15.935228,45.810414],[15.935077,45.810453],[15.930028,45.810735],[15.929686,45.810464],[15.928613,45.809653],[15.928553,45.809533],[15.928383,45.809571],[15.92828,45.809422],[15.927648,45.808943],[15.926033,45.807712],[15.925977,45.807706],[15.925684,45.807479],[15.925669,45.807461],[15.925664,45.807438],[15.92567,45.807417],[15.925683,45.807398],[15.925652,45.807385],[15.925584,45.807312],[15.925551,45.807309],[15.925518,45.807305],[15.925494,45.807292],[15.925328,45.807165],[15.925235,45.80712],[15.92471,45.806718],[15.924657,45.806663],[15.924545,45.806607],[15.92433,45.806522],[15.924127,45.806377],[15.923832,45.8062],[15.92314,45.805768],[15.923016,45.805667],[15.922871,45.805581],[15.922481,45.805368],[15.922284,45.805255],[15.921284,45.804618],[15.921258,45.804583],[15.921176,45.804544],[15.920824,45.804329],[15.92075,45.804263],[15.920677,45.804209],[15.920537,45.804133],[15.920382,45.804057],[15.919891,45.803765],[15.91922,45.803351],[15.919166,45.803285],[15.918659,45.802901],[15.917273,45.802046],[15.916848,45.801847],[15.915849,45.801225],[15.915759,45.801155],[15.915711,45.801153],[15.915675,45.801138],[15.915165,45.800805],[15.913933,45.800061],[15.913702,45.799902],[15.913339,45.799702],[15.913278,45.799624],[15.913218,45.799566],[15.913094,45.799531],[15.912848,45.799375],[15.911722,45.798711],[15.911414,45.798498],[15.911079,45.798251],[15.910918,45.798084],[15.910734,45.797936],[15.910523,45.797818],[15.909801,45.797268],[15.9097,45.797145],[15.909473,45.796972],[15.909302,45.796768],[15.909113,45.796609],[15.909077,45.796564],[15.909062,45.796509],[15.909067,45.796455],[15.909086,45.796418],[15.909111,45.79639],[15.908708,45.795981]]]]}},{"type":"Feature","properties":{"city":"Zagreb","name":"Trnje","osm_relation":2630157},"geometry":{"type":"MultiPolygon","coordinates":[[[[15.954075,45.783774],[15.95297,45.784741],[15.953066,45.784809],[15.953117,45.784874],[15.953107,45.784949],[15.953075,45.785016],[15.953045,45.785062],[15.952863,45.785248],[15.952869,45.785358],[15.952904,45.785511],[15.953074,45.785751],[15.95328,45.785899],[15.953302,45.785997],[15.953427,45.786206],[15.954083,45.787146],[15.953998,45.787182],[15.954426,45.78775],[15.954549,45.787853],[15.954809,45.788216],[15.954864,45.788239],[15.954909,45.788353],[15.954853,45.788382],[15.95565,45.789572],[15.955732,45.789546],[15.955836,45.789716],[15.956036,45.790029],[15.955987,45.790048],[15.956274,45.790467],[15.956329,45.790452],[15.956536,45.790754],[15.956729,45.791065],[15.957167,45.79169],[15.957149,45.791733],[15.957309,45.791964],[15.957386,45.792009],[15.957415,45.792054],[15.957363,45.792065],[15.95754,45.792363],[15.957597,45.792447],[15.957663,45.792426],[15.958131,45.793102],[15.958069,45.793126],[15.958158,45.793248],[15.958215,45.793224],[15.958374,45.793456],[15.958309,45.79348],[15.958385,45.793585],[15.958442,45.793566],[15.95899,45.794366],[15.959259,45.794746],[15.959182,45.794767],[15.9595,45.795227],[15.960129,45.796025],[15.960066,45.796049],[15.96057,45.79681],[15.960618,45.79685],[15.960644,45.796844],[15.960695,45.796923],[15.960757,45.796945],[15.960858,45.797108],[15.960903,45.797115],[15.960978,45.797215],[15.960958,45.797232],[15.960957,45.79725],[15.96154,45.798089],[15.961509,45.798102],[15.961625,45.798256],[15.961872,45.798636],[15.962231,45.799161],[15.962632,45.799687],[15.964461,45.802384],[15.964593,45.802417],[15.964641,45.802364],[15.964899,45.802439],[15.96548,45.802575],[15.966705,45.802839],[15.969504,45.803364],[15.969516,45.803368],[15.969526,45.803374],[15.969529,45.80338],[15.969509,45.803433],[15.969543,45.803441],[15.969562,45.803391],[15.969571,45.803384],[15.96958,45.80338],[15.969589,45.80338],[15.970625,45.803573],[15.972356,45.803902],[15.973023,45.804025],[15.973125,45.804038],[15.973269,45.804052],[15.974059,45.804097],[15.975433,45.804176],[15.976196,45.804162],[15.976197,45.804144],[15.976507,45.804136],[15.976542,45.80415],[15.977369,45.804101],[15.978929,45.804004],[15.979502,45.803922],[15.980192,45.80377],[15.980258,45.803798],[15.980747,45.803618],[15.98088,45.803514],[15.980941,45.803564],[15.980998,45.803706],[15.98117,45.803672],[15.981664,45.803629],[15.982334,45.803574],[15.982421,45.803574],[15.983252,45.803614],[15.984215,45.803658],[15.984199,45.803837],[15.98407,45.80383],[15.984058,45.803934],[15.982605,45.803861],[15.982581,45.804061],[15.983576,45.804113],[15.98582,45.804243],[15.985817,45.804272],[15.984843,45.804296],[15.984675,45.804293],[15.983653,45.804241],[15.98365,45.804269],[15.985213,45.80454],[15.986441,45.804752],[15.987033,45.804829],[15.987477,45.804872],[15.987753,45.804887],[15.988857,45.804947],[15.989266,45.804986],[15.989403,45.804968],[15.989755,45.805034],[15.989927,45.805075],[15.991182,45.805405],[15.991345,45.805512],[15.991502,45.805555],[15.9916,45.805507],[15.991841,45.805557],[15.992264,45.805667],[15.992436,45.805697],[15.992579,45.805715],[15.992838,45.805733],[15.99318,45.805724],[15.993289,45.805719],[15.993518,45.805692],[15.993644,45.805862],[15.993905,45.806057],[15.99487,45.806413],[15.998291,45.807352],[15.998765,45.807441],[15.999014,45.807468],[15.999333,45.807476],[15.999464,45.807507],[15.999718,45.807766],[16.003331,45.808753],[16.003409,45.808768],[16.005442,45.806963],[16.00529,45.806874],[16.006218,45.806047],[16.006369,45.80612],[16.007716,45.804984],[16.007958,45.804728],[16.007932,45.804616],[16.008544,45.804072],[16.008712,45.804059],[16.010998,45.802031],[16.011475,45.801605],[16.011508,45.801621],[16.01304,45.800256],[16.013014,45.800232],[16.013049,45.800217],[16.014408,45.798925],[16.014986,45.798443],[16.01614,45.797712],[16.016181,45.797608],[16.016212,45.797607],[16.016235,45.797596],[16.016484,45.797384],[16.016824,45.797183],[16.016878,45.797141],[16.016916,45.797102],[16.016934,45.797048],[16.01694,45.797005],[16.016931,45.796963],[16.016911,45.79692],[16.016874,45.796874],[16.016788,45.796837],[16.017003,45.796472],[16.014173,45.796327],[16.00773,45.795997],[16.006274,45.795956],[16.00602,45.795997],[16.005853,45.79599],[16.005157,45.795957],[16.00452,45.795915],[16.004161,45.795901],[16.00386,45.795883],[16.003298,45.795884],[16.001145,45.795769],[15.999895,45.795705],[15.999879,45.795677],[16.000398,45.794945],[16.000486,45.794896],[16.000626,45.794575],[16.000916,45.794118],[16.001751,45.79304],[16.002023,45.792796],[16.002852,45.791643],[16.003444,45.790817],[16.004291,45.789779],[16.004386,45.789501],[16.004504,45.789063],[16.004537,45.788813],[16.004562,45.788336],[16.004554,45.788113],[16.004533,45.78789],[16.004506,45.787661],[16.004453,45.787458],[16.004336,45.78712],[16.00425,45.786911],[16.004186,45.78692],[16.004087,45.786707],[16.003914,45.786391],[16.003697,45.786024],[16.003915,45.785936],[16.003798,45.785748],[16.00359,45.785831],[16.002743,45.784364],[16.001161,45.784979],[15.998706,45.785837],[15.996417,45.786572],[15.996334,45.786486],[15.996113,45.786565],[15.995109,45.786827],[15.994578,45.78691],[15.994517,45.786928],[15.994511,45.786871],[15.993961,45.786971],[15.993917,45.787071],[15.993808,45.787107],[15.993735,45.787075],[15.993665,45.787157],[15.992345,45.787402],[15.99183,45.787607],[15.991327,45.787686],[15.989381,45.78807],[15.986562,45.788529],[15.986479,45.788441],[15.986157,45.788477],[15.986169,45.788537],[15.982229,45.78882],[15.979876,45.788919],[15.979739,45.788925],[15.97949,45.78893],[15.978284,45.788948],[15.977247,45.78893],[15.976265,45.788881],[15.975172,45.788812],[15.973989,45.788735],[15.97356,45.788689],[15.972158,45.788556],[15.971423,45.788454],[15.969925,45.788231],[15.969252,45.788122],[15.967135,45.787737],[15.965819,45.787444],[15.965185,45.787286],[15.964349,45.787067],[15.963434,45.786838],[15.963104,45.786735],[15.96208,45.786464],[15.961069,45.786205],[15.959382,45.785766],[15.957519,45.785207],[15.955536,45.784408],[15.954075,45.783774]]]]}}]}